acousticness,analysis_url,danceability,duration_ms,energy,id,instrumentalness,key,liveness,loudness,mode,speechiness,tempo,time_signature,track_href,type,uri,valence
0.0383,https://api.spotify.com/v1/audio-analysis/6wQYKyGePaqstYov2C1S5b,0.839,171375,0.613,6wQYKyGePaqstYov2C1S5b,0.0,2,0.323,-6.457,1,0.0463,125.011,4,https://api.spotify.com/v1/tracks/6wQYKyGePaqstYov2C1S5b,audio_features,spotify:track:6wQYKyGePaqstYov2C1S5b,0.667
0.0145,https://api.spotify.com/v1/audio-analysis/0byab45cmZntz74RxcASrf,0.733,223533,0.839,0byab45cmZntz74RxcASrf,0.000187,1,0.162,-2.84,0,0.0335,126.009,4,https://api.spotify.com/v1/tracks/0byab45cmZntz74RxcASrf,audio_features,spotify:track:0byab45cmZntz74RxcASrf,0.471
0.0534,https://api.spotify.com/v1/audio-analysis/40xLrjniJVkxuWbka7KavC,0.732,212788,0.785,40xLrjniJVkxuWbka7KavC,4.81e-05,0,0.388,-5.081,1,0.047,121.987,4,https://api.spotify.com/v1/tracks/40xLrjniJVkxuWbka7KavC,audio_features,spotify:track:40xLrjniJVkxuWbka7KavC,0.256
0.0933,https://api.spotify.com/v1/audio-analysis/3FClUxQc36bQc6kNlXzadI,0.761,203976,0.696,3FClUxQc36bQc6kNlXzadI,0.168,6,0.158,-6.837,1,0.127,124.002,4,https://api.spotify.com/v1/tracks/3FClUxQc36bQc6kNlXzadI,audio_features,spotify:track:3FClUxQc36bQc6kNlXzadI,0.664
0.31,https://api.spotify.com/v1/audio-analysis/2yuoF9C4QF9kCsoDf3yUHP,0.876,209634,0.741,2yuoF9C4QF9kCsoDf3yUHP,0.0185,11,0.11,-4.836,0,0.0435,122.967,4,https://api.spotify.com/v1/tracks/2yuoF9C4QF9kCsoDf3yUHP,audio_features,spotify:track:2yuoF9C4QF9kCsoDf3yUHP,0.695
0.0355,https://api.spotify.com/v1/audio-analysis/1cvV7wnlnfLbRqTtOXb3ea,0.778,167319,0.709,1cvV7wnlnfLbRqTtOXb3ea,1.78e-05,1,0.153,-6.51,0,0.0416,118.003,4,https://api.spotify.com/v1/tracks/1cvV7wnlnfLbRqTtOXb3ea,audio_features,spotify:track:1cvV7wnlnfLbRqTtOXb3ea,0.264
0.00191,https://api.spotify.com/v1/audio-analysis/6xNFuMfZKk0itLO2qAqBJq,0.705,276480,0.745,6xNFuMfZKk0itLO2qAqBJq,0.00134,7,0.142,-4.374,1,0.0379,124.996,4,https://api.spotify.com/v1/tracks/6xNFuMfZKk0itLO2qAqBJq,audio_features,spotify:track:6xNFuMfZKk0itLO2qAqBJq,0.507
0.132,https://api.spotify.com/v1/audio-analysis/7HEzvBAUrPR4XgZ7wW6K2Q,0.781,181000,0.799,7HEzvBAUrPR4XgZ7wW6K2Q,1.91e-05,2,0.102,-4.915,1,0.0643,120.013,4,https://api.spotify.com/v1/tracks/7HEzvBAUrPR4XgZ7wW6K2Q,audio_features,spotify:track:7HEzvBAUrPR4XgZ7wW6K2Q,0.264
0.0506,https://api.spotify.com/v1/audio-analysis/53hNIcq8OLj9OUNvQ4ulFM,0.754,194872,0.824,53hNIcq8OLj9OUNvQ4ulFM,7.92e-06,5,0.108,-2.453,0,0.039,116.978,4,https://api.spotify.com/v1/tracks/53hNIcq8OLj9OUNvQ4ulFM,audio_features,spotify:track:53hNIcq8OLj9OUNvQ4ulFM,0.613
0.216,https://api.spotify.com/v1/audio-analysis/0BOEuUKoHdy8in20fG5smd,0.893,169324,0.456,0BOEuUKoHdy8in20fG5smd,0.0,9,0.326,-5.82,1,0.167,108.037,4,https://api.spotify.com/v1/tracks/0BOEuUKoHdy8in20fG5smd,audio_features,spotify:track:0BOEuUKoHdy8in20fG5smd,0.681
0.12,https://api.spotify.com/v1/audio-analysis/2rzGN2eI7TsJe5xzx9sOb2,0.823,173649,0.741,2rzGN2eI7TsJe5xzx9sOb2,9.72e-05,1,0.348,-7.99,1,0.132,124.985,4,https://api.spotify.com/v1/tracks/2rzGN2eI7TsJe5xzx9sOb2,audio_features,spotify:track:2rzGN2eI7TsJe5xzx9sOb2,0.294
0.191,https://api.spotify.com/v1/audio-analysis/5ujfEQy6QtGGzHLQOd5gqc,0.818,191606,0.666,5ujfEQy6QtGGzHLQOd5gqc,5.72e-06,8,0.0978,-7.659,1,0.0617,122.939,4,https://api.spotify.com/v1/tracks/5ujfEQy6QtGGzHLQOd5gqc,audio_features,spotify:track:5ujfEQy6QtGGzHLQOd5gqc,0.485
0.172,https://api.spotify.com/v1/audio-analysis/38xh0iuhkYiymc1cm3HhD1,0.748,206066,0.704,38xh0iuhkYiymc1cm3HhD1,0.000298,0,0.369,-6.718,0,0.0951,122.039,4,https://api.spotify.com/v1/tracks/38xh0iuhkYiymc1cm3HhD1,audio_features,spotify:track:38xh0iuhkYiymc1cm3HhD1,0.466
0.287,https://api.spotify.com/v1/audio-analysis/4bAmAVdks2Y84VNVVLXFwN,0.596,180336,0.666,4bAmAVdks2Y84VNVVLXFwN,0.000454,0,0.0733,-5.825,1,0.0943,117.057,4,https://api.spotify.com/v1/tracks/4bAmAVdks2Y84VNVVLXFwN,audio_features,spotify:track:4bAmAVdks2Y84VNVVLXFwN,0.708
0.00616,https://api.spotify.com/v1/audio-analysis/59pC3ONM6ggVn0CYi0l1KD,0.752,176414,0.883,59pC3ONM6ggVn0CYi0l1KD,0.0998,5,0.167,-4.45,0,0.0426,122.026,4,https://api.spotify.com/v1/tracks/59pC3ONM6ggVn0CYi0l1KD,audio_features,spotify:track:59pC3ONM6ggVn0CYi0l1KD,0.509
0.0127,https://api.spotify.com/v1/audio-analysis/2ewW50QGufVvqP959lB8F9,0.662,249756,0.73,2ewW50QGufVvqP959lB8F9,0.0,10,0.203,-5.407,1,0.0615,122.96,4,https://api.spotify.com/v1/tracks/2ewW50QGufVvqP959lB8F9,audio_features,spotify:track:2ewW50QGufVvqP959lB8F9,0.232
0.0589,https://api.spotify.com/v1/audio-analysis/1Cfws8y490Zpsqsyeme6V1,0.699,206453,0.861,1Cfws8y490Zpsqsyeme6V1,2.64e-06,4,0.0794,-3.09,0,0.173,125.942,3,https://api.spotify.com/v1/tracks/1Cfws8y490Zpsqsyeme6V1,audio_features,spotify:track:1Cfws8y490Zpsqsyeme6V1,0.315
0.177,https://api.spotify.com/v1/audio-analysis/0Vcv54XfyE2oktzHSZMxhr,0.613,226542,0.731,0Vcv54XfyE2oktzHSZMxhr,0.0,8,0.107,-3.993,1,0.0625,107.071,4,https://api.spotify.com/v1/tracks/0Vcv54XfyE2oktzHSZMxhr,audio_features,spotify:track:0Vcv54XfyE2oktzHSZMxhr,0.322
0.00627,https://api.spotify.com/v1/audio-analysis/108r6pnZHStBIktpyyps9w,0.768,166000,0.808,108r6pnZHStBIktpyyps9w,5.33e-06,5,0.343,-1.818,1,0.112,119.971,4,https://api.spotify.com/v1/tracks/108r6pnZHStBIktpyyps9w,audio_features,spotify:track:108r6pnZHStBIktpyyps9w,0.664
0.2,https://api.spotify.com/v1/audio-analysis/6u8MYoxXvAHNR0enhdUqgd,0.713,209224,0.666,6u8MYoxXvAHNR0enhdUqgd,2.09e-05,11,0.137,-6.128,1,0.0511,112.015,4,https://api.spotify.com/v1/tracks/6u8MYoxXvAHNR0enhdUqgd,audio_features,spotify:track:6u8MYoxXvAHNR0enhdUqgd,0.277
0.0809,https://api.spotify.com/v1/audio-analysis/5G5utwWW1KmWGM5e2EkseP,0.804,183392,0.6,5G5utwWW1KmWGM5e2EkseP,0.000136,5,0.0602,-10.401,1,0.151,110.001,4,https://api.spotify.com/v1/tracks/5G5utwWW1KmWGM5e2EkseP,audio_features,spotify:track:5G5utwWW1KmWGM5e2EkseP,0.528
0.172,https://api.spotify.com/v1/audio-analysis/0LCgZWyipnF0smeR6B3e6A,0.811,170826,0.868,0LCgZWyipnF0smeR6B3e6A,0.000696,8,0.0952,-5.052,0,0.0888,121.007,4,https://api.spotify.com/v1/tracks/0LCgZWyipnF0smeR6B3e6A,audio_features,spotify:track:0LCgZWyipnF0smeR6B3e6A,0.586
0.00553,https://api.spotify.com/v1/audio-analysis/5EpR6BqAnwR9PPl6sIrzGy,0.704,157000,0.888,5EpR6BqAnwR9PPl6sIrzGy,0.0011,11,0.079,-2.872,1,0.0541,125.027,4,https://api.spotify.com/v1/tracks/5EpR6BqAnwR9PPl6sIrzGy,audio_features,spotify:track:5EpR6BqAnwR9PPl6sIrzGy,0.531
0.00624,https://api.spotify.com/v1/audio-analysis/56UuQKt0DUeLUOD8o98QFR,0.705,260952,0.93,56UuQKt0DUeLUOD8o98QFR,8.96e-05,11,0.143,-3.333,0,0.0343,126.016,4,https://api.spotify.com/v1/tracks/56UuQKt0DUeLUOD8o98QFR,audio_features,spotify:track:56UuQKt0DUeLUOD8o98QFR,0.195
0.0905,https://api.spotify.com/v1/audio-analysis/2qrLtymuMxLCdLCWjqiXvr,0.778,169841,0.698,2qrLtymuMxLCdLCWjqiXvr,0.0,8,0.109,-8.199,1,0.0581,108.999,4,https://api.spotify.com/v1/tracks/2qrLtymuMxLCdLCWjqiXvr,audio_features,spotify:track:2qrLtymuMxLCdLCWjqiXvr,0.314
0.229,https://api.spotify.com/v1/audio-analysis/7HdZY9UJTylIiNcSDFyUDc,0.751,186231,0.658,7HdZY9UJTylIiNcSDFyUDc,0.00222,1,0.0958,-4.578,1,0.0956,100.005,4,https://api.spotify.com/v1/tracks/7HdZY9UJTylIiNcSDFyUDc,audio_features,spotify:track:7HdZY9UJTylIiNcSDFyUDc,0.496
0.0572,https://api.spotify.com/v1/audio-analysis/5lNuqFVMca4vPupY10cH0J,0.739,222787,0.619,5lNuqFVMca4vPupY10cH0J,0.0,10,0.105,-6.669,1,0.162,112.961,4,https://api.spotify.com/v1/tracks/5lNuqFVMca4vPupY10cH0J,audio_features,spotify:track:5lNuqFVMca4vPupY10cH0J,0.58
0.769,https://api.spotify.com/v1/audio-analysis/50phRe11Y2nC2N968jVU53,0.865,169827,0.529,50phRe11Y2nC2N968jVU53,6.6e-06,1,0.104,-7.756,1,0.23,111.982,4,https://api.spotify.com/v1/tracks/50phRe11Y2nC2N968jVU53,audio_features,spotify:track:50phRe11Y2nC2N968jVU53,0.649
0.0476,https://api.spotify.com/v1/audio-analysis/43V1z6QToNNWNldV4FEG6r,0.752,163216,0.764,43V1z6QToNNWNldV4FEG6r,9.44e-05,1,0.0543,-4.399,1,0.038,121.958,4,https://api.spotify.com/v1/tracks/43V1z6QToNNWNldV4FEG6r,audio_features,spotify:track:43V1z6QToNNWNldV4FEG6r,0.582
0.171,https://api.spotify.com/v1/audio-analysis/09IStsImFySgyp0pIQdqAc,0.753,184732,0.657,09IStsImFySgyp0pIQdqAc,0.0,7,0.112,-3.061,1,0.0449,107.01,4,https://api.spotify.com/v1/tracks/09IStsImFySgyp0pIQdqAc,audio_features,spotify:track:09IStsImFySgyp0pIQdqAc,0.437
0.133,https://api.spotify.com/v1/audio-analysis/3kMeE1blR28hmamxMvBQTQ,0.724,176625,0.901,3kMeE1blR28hmamxMvBQTQ,0.000571,11,0.11,-4.383,1,0.0763,120.016,4,https://api.spotify.com/v1/tracks/3kMeE1blR28hmamxMvBQTQ,audio_features,spotify:track:3kMeE1blR28hmamxMvBQTQ,0.695
0.368,https://api.spotify.com/v1/audio-analysis/6QcIPGlQpohjUNPpIv1OsB,0.573,198153,0.742,6QcIPGlQpohjUNPpIv1OsB,0.00239,5,0.285,-3.089,1,0.0453,160.108,4,https://api.spotify.com/v1/tracks/6QcIPGlQpohjUNPpIv1OsB,audio_features,spotify:track:6QcIPGlQpohjUNPpIv1OsB,0.33
0.118,https://api.spotify.com/v1/audio-analysis/2lYTJK94hb0fd1LQtb6Dhk,0.659,183750,0.738,2lYTJK94hb0fd1LQtb6Dhk,0.0,4,0.115,-5.072,0,0.0477,127.95,4,https://api.spotify.com/v1/tracks/2lYTJK94hb0fd1LQtb6Dhk,audio_features,spotify:track:2lYTJK94hb0fd1LQtb6Dhk,0.481
0.0353,https://api.spotify.com/v1/audio-analysis/1MtUq6Wp1eQ8PC6BbPCj8P,0.663,197933,0.713,1MtUq6Wp1eQ8PC6BbPCj8P,7.68e-06,7,0.0843,-6.647,0,0.112,101.965,4,https://api.spotify.com/v1/tracks/1MtUq6Wp1eQ8PC6BbPCj8P,audio_features,spotify:track:1MtUq6Wp1eQ8PC6BbPCj8P,0.69
0.0441,https://api.spotify.com/v1/audio-analysis/6kPJZM97LwdG9QIsT7khp6,0.737,222653,0.636,6kPJZM97LwdG9QIsT7khp6,6.66e-05,11,0.35,-4.546,0,0.0437,105.005,4,https://api.spotify.com/v1/tracks/6kPJZM97LwdG9QIsT7khp6,audio_features,spotify:track:6kPJZM97LwdG9QIsT7khp6,0.565
0.0067,https://api.spotify.com/v1/audio-analysis/7LR2nZOAmgApHf2q3m1WW0,0.607,217679,0.717,7LR2nZOAmgApHf2q3m1WW0,0.00132,5,0.256,-5.771,1,0.0634,125.956,4,https://api.spotify.com/v1/tracks/7LR2nZOAmgApHf2q3m1WW0,audio_features,spotify:track:7LR2nZOAmgApHf2q3m1WW0,0.376
0.0021,https://api.spotify.com/v1/audio-analysis/5DpwdlFPhXJSmgVMQMtlmU,0.604,163000,0.748,5DpwdlFPhXJSmgVMQMtlmU,0.0,8,0.083,-5.343,1,0.0849,120.178,4,https://api.spotify.com/v1/tracks/5DpwdlFPhXJSmgVMQMtlmU,audio_features,spotify:track:5DpwdlFPhXJSmgVMQMtlmU,0.52
0.0784,https://api.spotify.com/v1/audio-analysis/5xzCzOAOfRi4DOttSzvznR,0.725,204022,0.834,5xzCzOAOfRi4DOttSzvznR,1.27e-05,5,0.0834,-3.913,0,0.037,120.026,4,https://api.spotify.com/v1/tracks/5xzCzOAOfRi4DOttSzvznR,audio_features,spotify:track:5xzCzOAOfRi4DOttSzvznR,0.859
0.0305,https://api.spotify.com/v1/audio-analysis/3zU9rdflI65tK4dkkNSp77,0.503,210013,0.748,3zU9rdflI65tK4dkkNSp77,0.0,5,0.343,-4.124,1,0.0619,125.896,4,https://api.spotify.com/v1/tracks/3zU9rdflI65tK4dkkNSp77,audio_features,spotify:track:3zU9rdflI65tK4dkkNSp77,0.356
0.113,https://api.spotify.com/v1/audio-analysis/6qwnniheVNwDX78wDyYrxW,0.602,171935,0.852,6qwnniheVNwDX78wDyYrxW,0.000453,1,0.123,-3.691,0,0.177,195.981,4,https://api.spotify.com/v1/tracks/6qwnniheVNwDX78wDyYrxW,audio_features,spotify:track:6qwnniheVNwDX78wDyYrxW,0.128
0.022,https://api.spotify.com/v1/audio-analysis/2h0tRwrrfpJ2npDyPW1g0u,0.661,174765,0.888,2h0tRwrrfpJ2npDyPW1g0u,0.0,1,0.133,-4.918,1,0.0583,121.059,4,https://api.spotify.com/v1/tracks/2h0tRwrrfpJ2npDyPW1g0u,audio_features,spotify:track:2h0tRwrrfpJ2npDyPW1g0u,0.447
0.191,https://api.spotify.com/v1/audio-analysis/1faUP4Tp7du3nCSVBoIO6e,0.767,163187,0.805,1faUP4Tp7du3nCSVBoIO6e,0.0,7,0.0687,-4.472,0,0.037,104.99,4,https://api.spotify.com/v1/tracks/1faUP4Tp7du3nCSVBoIO6e,audio_features,spotify:track:1faUP4Tp7du3nCSVBoIO6e,0.57
0.0123,https://api.spotify.com/v1/audio-analysis/2ufPKjbgAVnuqEZXQ3YHEN,0.807,177592,0.662,2ufPKjbgAVnuqEZXQ3YHEN,0.00108,5,0.222,-4.459,1,0.0445,121.994,4,https://api.spotify.com/v1/tracks/2ufPKjbgAVnuqEZXQ3YHEN,audio_features,spotify:track:2ufPKjbgAVnuqEZXQ3YHEN,0.518
0.0938,https://api.spotify.com/v1/audio-analysis/3EBkSsvod8DflnNLGvx0QR,0.749,195187,0.747,3EBkSsvod8DflnNLGvx0QR,1.17e-05,6,0.256,-6.457,1,0.121,109.063,4,https://api.spotify.com/v1/tracks/3EBkSsvod8DflnNLGvx0QR,audio_features,spotify:track:3EBkSsvod8DflnNLGvx0QR,0.475
0.228,https://api.spotify.com/v1/audio-analysis/47165S9Ppynsd9rIzVG4uS,0.585,231383,0.744,47165S9Ppynsd9rIzVG4uS,0.0,2,0.195,-4.751,1,0.0419,104.919,4,https://api.spotify.com/v1/tracks/47165S9Ppynsd9rIzVG4uS,audio_features,spotify:track:47165S9Ppynsd9rIzVG4uS,0.349
0.0313,https://api.spotify.com/v1/audio-analysis/3kGfazcbVvVkuZunzlLgTD,0.708,202999,0.868,3kGfazcbVvVkuZunzlLgTD,0.0,6,0.122,-3.287,1,0.0431,124.994,4,https://api.spotify.com/v1/tracks/3kGfazcbVvVkuZunzlLgTD,audio_features,spotify:track:3kGfazcbVvVkuZunzlLgTD,0.72
0.377,https://api.spotify.com/v1/audio-analysis/0dzKKW6FzIT7C38BdQBbgw,0.664,200587,0.902,0dzKKW6FzIT7C38BdQBbgw,0.0,2,0.0819,-2.155,1,0.0431,110.029,4,https://api.spotify.com/v1/tracks/0dzKKW6FzIT7C38BdQBbgw,audio_features,spotify:track:0dzKKW6FzIT7C38BdQBbgw,0.364
0.0398,https://api.spotify.com/v1/audio-analysis/6EdmDl0EuPAWh07RJV74hj,0.759,158642,0.594,6EdmDl0EuPAWh07RJV74hj,3.14e-06,0,0.0508,-8.877,1,0.31,114.966,4,https://api.spotify.com/v1/tracks/6EdmDl0EuPAWh07RJV74hj,audio_features,spotify:track:6EdmDl0EuPAWh07RJV74hj,0.444
0.00369,https://api.spotify.com/v1/audio-analysis/5rGoJduLeEqqyBmfqJTe5E,0.56,183182,0.727,5rGoJduLeEqqyBmfqJTe5E,0.000126,5,0.239,-6.602,0,0.117,127.97,4,https://api.spotify.com/v1/tracks/5rGoJduLeEqqyBmfqJTe5E,audio_features,spotify:track:5rGoJduLeEqqyBmfqJTe5E,0.346
0.0221,https://api.spotify.com/v1/audio-analysis/15fZrZhdK0g1BS9sDeW6sD,0.767,168636,0.678,15fZrZhdK0g1BS9sDeW6sD,4.82e-05,0,0.258,-6.249,1,0.054,121.01,4,https://api.spotify.com/v1/tracks/15fZrZhdK0g1BS9sDeW6sD,audio_features,spotify:track:15fZrZhdK0g1BS9sDeW6sD,0.217
0.191,https://api.spotify.com/v1/audio-analysis/2dpaYNEQHiRxtZbfNsse99,0.687,214290,0.792,2dpaYNEQHiRxtZbfNsse99,0.0,5,0.167,-2.749,1,0.0452,100.015,4,https://api.spotify.com/v1/tracks/2dpaYNEQHiRxtZbfNsse99,audio_features,spotify:track:2dpaYNEQHiRxtZbfNsse99,0.671
0.0169,https://api.spotify.com/v1/audio-analysis/2iUXsYOEPhVqEBwsqP70rE,0.596,203418,0.854,2iUXsYOEPhVqEBwsqP70rE,0.0,7,0.124,-5.114,0,0.463,120.274,4,https://api.spotify.com/v1/tracks/2iUXsYOEPhVqEBwsqP70rE,audio_features,spotify:track:2iUXsYOEPhVqEBwsqP70rE,0.152
0.0935,https://api.spotify.com/v1/audio-analysis/1vvNmPOiUuyCbgWmtc6yfm,0.819,219160,0.913,1vvNmPOiUuyCbgWmtc6yfm,3.72e-05,4,0.161,-3.059,0,0.0427,119.989,4,https://api.spotify.com/v1/tracks/1vvNmPOiUuyCbgWmtc6yfm,audio_features,spotify:track:1vvNmPOiUuyCbgWmtc6yfm,0.536
0.0575,https://api.spotify.com/v1/audio-analysis/1louJpMmzEicAn7lzDalPW,0.741,223504,0.667,1louJpMmzEicAn7lzDalPW,0.0,10,0.106,-5.445,1,0.134,112.956,4,https://api.spotify.com/v1/tracks/1louJpMmzEicAn7lzDalPW,audio_features,spotify:track:1louJpMmzEicAn7lzDalPW,0.595
0.163,https://api.spotify.com/v1/audio-analysis/6qZuKQYd45g65eeW25avza,0.868,179015,0.415,6qZuKQYd45g65eeW25avza,0.0,8,0.105,-8.118,1,0.0643,120.995,4,https://api.spotify.com/v1/tracks/6qZuKQYd45g65eeW25avza,audio_features,spotify:track:6qZuKQYd45g65eeW25avza,0.723
0.0216,https://api.spotify.com/v1/audio-analysis/6vjWim6xU6tPjA42GxSp1U,0.709,343800,0.669,6vjWim6xU6tPjA42GxSp1U,0.0125,11,0.146,-8.422,0,0.0409,105.004,4,https://api.spotify.com/v1/tracks/6vjWim6xU6tPjA42GxSp1U,audio_features,spotify:track:6vjWim6xU6tPjA42GxSp1U,0.106
0.256,https://api.spotify.com/v1/audio-analysis/7vGuf3Y35N4wmASOKLUVVU,0.52,180823,0.761,7vGuf3Y35N4wmASOKLUVVU,4.96e-06,4,0.17,-3.093,1,0.0853,141.971,4,https://api.spotify.com/v1/tracks/7vGuf3Y35N4wmASOKLUVVU,audio_features,spotify:track:7vGuf3Y35N4wmASOKLUVVU,0.286
0.194,https://api.spotify.com/v1/audio-analysis/21pNGvUyQ8NjcfRrzge25F,0.56,195467,0.533,21pNGvUyQ8NjcfRrzge25F,1.4e-05,7,0.0919,-7.804,1,0.388,200.066,4,https://api.spotify.com/v1/tracks/21pNGvUyQ8NjcfRrzge25F,audio_features,spotify:track:21pNGvUyQ8NjcfRrzge25F,0.908
0.52,https://api.spotify.com/v1/audio-analysis/66ech4DQe8HV62FCFDlQDm,0.593,160000,0.552,66ech4DQe8HV62FCFDlQDm,0.0,9,0.0961,-8.906,1,0.0482,90.013,4,https://api.spotify.com/v1/tracks/66ech4DQe8HV62FCFDlQDm,audio_features,spotify:track:66ech4DQe8HV62FCFDlQDm,0.509
0.241,https://api.spotify.com/v1/audio-analysis/37DoAhdVDebQsomL2kRmaw,0.634,223529,0.721,37DoAhdVDebQsomL2kRmaw,0.0,10,0.0828,-5.374,1,0.0406,102.062,4,https://api.spotify.com/v1/tracks/37DoAhdVDebQsomL2kRmaw,audio_features,spotify:track:37DoAhdVDebQsomL2kRmaw,0.42
0.485,https://api.spotify.com/v1/audio-analysis/6k4Flvu1tcz8vWAfcaxEPP,0.422,182213,0.572,6k4Flvu1tcz8vWAfcaxEPP,0.0,0,0.186,-9.718,0,0.435,145.181,4,https://api.spotify.com/v1/tracks/6k4Flvu1tcz8vWAfcaxEPP,audio_features,spotify:track:6k4Flvu1tcz8vWAfcaxEPP,0.394
0.416,https://api.spotify.com/v1/audio-analysis/2ULg8Cw0Ckn5JDGUkCNXko,0.443,220000,0.726,2ULg8Cw0Ckn5JDGUkCNXko,0.0,7,0.369,-3.745,1,0.167,119.824,4,https://api.spotify.com/v1/tracks/2ULg8Cw0Ckn5JDGUkCNXko,audio_features,spotify:track:2ULg8Cw0Ckn5JDGUkCNXko,0.37
0.483,https://api.spotify.com/v1/audio-analysis/1UMQ9VXdKGiAHIGD5fWX2B,0.79,203653,0.49,1UMQ9VXdKGiAHIGD5fWX2B,0.0,5,0.201,-5.097,1,0.0942,140.202,4,https://api.spotify.com/v1/tracks/1UMQ9VXdKGiAHIGD5fWX2B,audio_features,spotify:track:1UMQ9VXdKGiAHIGD5fWX2B,0.577
0.0429,https://api.spotify.com/v1/audio-analysis/7CotyU8EcChJlqOFnxPPmI,0.61,184000,0.69,7CotyU8EcChJlqOFnxPPmI,6.76e-05,2,0.166,-2.656,0,0.091,179.944,4,https://api.spotify.com/v1/tracks/7CotyU8EcChJlqOFnxPPmI,audio_features,spotify:track:7CotyU8EcChJlqOFnxPPmI,0.318
0.176,https://api.spotify.com/v1/audio-analysis/75NhhYjHO43mvZgYtnXgti,0.65,181812,0.683,75NhhYjHO43mvZgYtnXgti,2.82e-05,5,0.0832,-5.284,1,0.0704,102.968,4,https://api.spotify.com/v1/tracks/75NhhYjHO43mvZgYtnXgti,audio_features,spotify:track:75NhhYjHO43mvZgYtnXgti,0.228
0.416,https://api.spotify.com/v1/audio-analysis/6JSTfwAtyVv3HrLt2UGURG,0.644,184968,0.342,6JSTfwAtyVv3HrLt2UGURG,0.000368,6,0.125,-9.878,1,0.279,78.466,4,https://api.spotify.com/v1/tracks/6JSTfwAtyVv3HrLt2UGURG,audio_features,spotify:track:6JSTfwAtyVv3HrLt2UGURG,0.652
0.263,https://api.spotify.com/v1/audio-analysis/4g64deYSvQZ4w9uGpYz2sL,0.386,205618,0.714,4g64deYSvQZ4w9uGpYz2sL,0.0,6,0.233,-5.597,0,0.381,89.807,4,https://api.spotify.com/v1/tracks/4g64deYSvQZ4w9uGpYz2sL,audio_features,spotify:track:4g64deYSvQZ4w9uGpYz2sL,0.289
0.148,https://api.spotify.com/v1/audio-analysis/1lWoanAmIk1PZisbP5LmwT,0.673,219240,0.894,1lWoanAmIk1PZisbP5LmwT,3.4e-06,0,0.141,-2.73,1,0.0594,118.894,4,https://api.spotify.com/v1/tracks/1lWoanAmIk1PZisbP5LmwT,audio_features,spotify:track:1lWoanAmIk1PZisbP5LmwT,0.63
0.0265,https://api.spotify.com/v1/audio-analysis/1XELG5CHAWnsOufEDKogyU,0.469,186985,0.71,1XELG5CHAWnsOufEDKogyU,0.0,1,0.0944,-4.791,1,0.0575,130.879,4,https://api.spotify.com/v1/tracks/1XELG5CHAWnsOufEDKogyU,audio_features,spotify:track:1XELG5CHAWnsOufEDKogyU,0.289
0.351,https://api.spotify.com/v1/audio-analysis/5jVCcm5rrLJVuthwdvjKPw,0.602,204000,0.778,5jVCcm5rrLJVuthwdvjKPw,0.00533,9,0.0929,-4.974,1,0.122,104.79,4,https://api.spotify.com/v1/tracks/5jVCcm5rrLJVuthwdvjKPw,audio_features,spotify:track:5jVCcm5rrLJVuthwdvjKPw,0.636
0.202,https://api.spotify.com/v1/audio-analysis/2uHSDyFByIUeTUAxZCTRp0,0.751,217836,0.547,2uHSDyFByIUeTUAxZCTRp0,0.0,1,0.102,-7.898,1,0.138,78.007,4,https://api.spotify.com/v1/tracks/2uHSDyFByIUeTUAxZCTRp0,audio_features,spotify:track:2uHSDyFByIUeTUAxZCTRp0,0.481
0.288,https://api.spotify.com/v1/audio-analysis/1gwwNLcYQRnzvkBhwDjUX3,0.689,174545,0.881,1gwwNLcYQRnzvkBhwDjUX3,1.69e-05,11,0.0746,-1.448,0,0.0545,109.991,4,https://api.spotify.com/v1/tracks/1gwwNLcYQRnzvkBhwDjUX3,audio_features,spotify:track:1gwwNLcYQRnzvkBhwDjUX3,0.532
0.0753,https://api.spotify.com/v1/audio-analysis/5XsJl0ZlufrT0EVaDDtBLn,0.788,183280,0.703,5XsJl0ZlufrT0EVaDDtBLn,6.13e-05,1,0.333,-5.986,0,0.127,104.049,4,https://api.spotify.com/v1/tracks/5XsJl0ZlufrT0EVaDDtBLn,audio_features,spotify:track:5XsJl0ZlufrT0EVaDDtBLn,0.442
0.164,https://api.spotify.com/v1/audio-analysis/3MdXljQymY43YwHw1N0lOd,0.755,181069,0.767,3MdXljQymY43YwHw1N0lOd,0.00454,10,0.354,-5.57,1,0.0397,114.011,4,https://api.spotify.com/v1/tracks/3MdXljQymY43YwHw1N0lOd,audio_features,spotify:track:3MdXljQymY43YwHw1N0lOd,0.423
0.0634,https://api.spotify.com/v1/audio-analysis/4268VB0Nw8nKTl2WEpU2oD,0.631,190617,0.746,4268VB0Nw8nKTl2WEpU2oD,0.0,2,0.0866,-5.49,1,0.147,94.988,4,https://api.spotify.com/v1/tracks/4268VB0Nw8nKTl2WEpU2oD,audio_features,spotify:track:4268VB0Nw8nKTl2WEpU2oD,0.321
0.197,https://api.spotify.com/v1/audio-analysis/3UdZ07wbVCN7aZxGBXjMia,0.667,302487,0.558,3UdZ07wbVCN7aZxGBXjMia,3.14e-06,9,0.176,-5.743,0,0.0364,140.016,4,https://api.spotify.com/v1/tracks/3UdZ07wbVCN7aZxGBXjMia,audio_features,spotify:track:3UdZ07wbVCN7aZxGBXjMia,0.402
0.208,https://api.spotify.com/v1/audio-analysis/2ARqIya5NAuvFVHSN3bL0m,0.748,184732,0.652,2ARqIya5NAuvFVHSN3bL0m,0.0,7,0.128,-3.02,1,0.058,106.914,4,https://api.spotify.com/v1/tracks/2ARqIya5NAuvFVHSN3bL0m,audio_features,spotify:track:2ARqIya5NAuvFVHSN3bL0m,0.431
0.00211,https://api.spotify.com/v1/audio-analysis/2idTnDVMIFBqdoHodX8WQc,0.637,225687,0.851,2idTnDVMIFBqdoHodX8WQc,0.0012,11,0.161,-3.501,1,0.0433,132.929,4,https://api.spotify.com/v1/tracks/2idTnDVMIFBqdoHodX8WQc,audio_features,spotify:track:2idTnDVMIFBqdoHodX8WQc,0.39
0.0926,https://api.spotify.com/v1/audio-analysis/6mUwMth1MQT8NVSMI7lKjx,0.895,193513,0.526,6mUwMth1MQT8NVSMI7lKjx,0.00539,10,0.586,-7.969,0,0.183,87.993,4,https://api.spotify.com/v1/tracks/6mUwMth1MQT8NVSMI7lKjx,audio_features,spotify:track:6mUwMth1MQT8NVSMI7lKjx,0.202
0.497,https://api.spotify.com/v1/audio-analysis/5qYp1Wf3gh0lGWdIS5lIrX,0.49,215670,0.625,5qYp1Wf3gh0lGWdIS5lIrX,0.0,10,0.118,-7.248,1,0.185,78.762,5,https://api.spotify.com/v1/tracks/5qYp1Wf3gh0lGWdIS5lIrX,audio_features,spotify:track:5qYp1Wf3gh0lGWdIS5lIrX,0.748
0.192,https://api.spotify.com/v1/audio-analysis/4lxy9f7o28AEttUFHXwe9P,0.747,241224,0.553,4lxy9f7o28AEttUFHXwe9P,0.0,8,0.0987,-7.121,1,0.372,120.853,4,https://api.spotify.com/v1/tracks/4lxy9f7o28AEttUFHXwe9P,audio_features,spotify:track:4lxy9f7o28AEttUFHXwe9P,0.443
0.063,https://api.spotify.com/v1/audio-analysis/5WHuMGV9ziKEJHxEr0dMPo,0.419,183070,0.738,5WHuMGV9ziKEJHxEr0dMPo,0.0,0,0.467,-5.873,1,0.119,120.488,4,https://api.spotify.com/v1/tracks/5WHuMGV9ziKEJHxEr0dMPo,audio_features,spotify:track:5WHuMGV9ziKEJHxEr0dMPo,0.297
0.15,https://api.spotify.com/v1/audio-analysis/1NDxZ7cFAo481dtYWdrUnR,0.703,193613,0.868,1NDxZ7cFAo481dtYWdrUnR,0.132,7,0.104,-4.661,0,0.0291,121.03,4,https://api.spotify.com/v1/tracks/1NDxZ7cFAo481dtYWdrUnR,audio_features,spotify:track:1NDxZ7cFAo481dtYWdrUnR,0.733
0.212,https://api.spotify.com/v1/audio-analysis/4XGqzhzg4PDmdPEMWmi7r8,0.726,200469,0.723,4XGqzhzg4PDmdPEMWmi7r8,0.0,7,0.113,-3.827,1,0.105,108.028,4,https://api.spotify.com/v1/tracks/4XGqzhzg4PDmdPEMWmi7r8,audio_features,spotify:track:4XGqzhzg4PDmdPEMWmi7r8,0.211
0.00177,https://api.spotify.com/v1/audio-analysis/4t8bZ8dxZtatpjOpBrAnUW,0.432,276867,0.672,4t8bZ8dxZtatpjOpBrAnUW,0.12,9,0.165,-6.092,1,0.326,89.603,4,https://api.spotify.com/v1/tracks/4t8bZ8dxZtatpjOpBrAnUW,audio_features,spotify:track:4t8bZ8dxZtatpjOpBrAnUW,0.0467
0.632,https://api.spotify.com/v1/audio-analysis/3NpsflsHTAoand4Jl3ruP7,0.874,172467,0.377,3NpsflsHTAoand4Jl3ruP7,0.00082,0,0.0691,-6.36,1,0.0784,84.986,4,https://api.spotify.com/v1/tracks/3NpsflsHTAoand4Jl3ruP7,audio_features,spotify:track:3NpsflsHTAoand4Jl3ruP7,0.539
0.0666,https://api.spotify.com/v1/audio-analysis/149Rcv6foJRa7COnnmUkNs,0.725,187640,0.788,149Rcv6foJRa7COnnmUkNs,0.0389,0,0.107,-5.514,1,0.0619,100.01,4,https://api.spotify.com/v1/tracks/149Rcv6foJRa7COnnmUkNs,audio_features,spotify:track:149Rcv6foJRa7COnnmUkNs,0.351
0.354,https://api.spotify.com/v1/audio-analysis/5LZQ5s0kRZS9nBSd1xLK7U,0.794,179658,0.476,5LZQ5s0kRZS9nBSd1xLK7U,0.00307,2,0.332,-4.337,0,0.0558,129.827,4,https://api.spotify.com/v1/tracks/5LZQ5s0kRZS9nBSd1xLK7U,audio_features,spotify:track:5LZQ5s0kRZS9nBSd1xLK7U,0.471
0.0637,https://api.spotify.com/v1/audio-analysis/79YOrrMNEKdPqeY9n3y36Q,0.567,230588,0.863,79YOrrMNEKdPqeY9n3y36Q,3.35e-05,3,0.0887,-2.946,1,0.0497,102.014,4,https://api.spotify.com/v1/tracks/79YOrrMNEKdPqeY9n3y36Q,audio_features,spotify:track:79YOrrMNEKdPqeY9n3y36Q,0.273
0.351,https://api.spotify.com/v1/audio-analysis/2IQB5iBapo0Y37Yc0PtIZc,0.651,141875,0.76,2IQB5iBapo0Y37Yc0PtIZc,0.0,7,0.151,-3.377,1,0.054,96.204,4,https://api.spotify.com/v1/tracks/2IQB5iBapo0Y37Yc0PtIZc,audio_features,spotify:track:2IQB5iBapo0Y37Yc0PtIZc,0.673
0.055,https://api.spotify.com/v1/audio-analysis/4Q7uJoiHAwtJPE1iPmzaRE,0.681,180969,0.581,4Q7uJoiHAwtJPE1iPmzaRE,0.0,7,0.0993,-7.091,1,0.041,123.891,4,https://api.spotify.com/v1/tracks/4Q7uJoiHAwtJPE1iPmzaRE,audio_features,spotify:track:4Q7uJoiHAwtJPE1iPmzaRE,0.393
0.0297,https://api.spotify.com/v1/audio-analysis/5WEfP0V1NKhsbWxX1Zab1c,0.682,187078,0.72,5WEfP0V1NKhsbWxX1Zab1c,0.0,9,0.118,-6.514,0,0.0359,129.99,4,https://api.spotify.com/v1/tracks/5WEfP0V1NKhsbWxX1Zab1c,audio_features,spotify:track:5WEfP0V1NKhsbWxX1Zab1c,0.448
0.219,https://api.spotify.com/v1/audio-analysis/4Xx4oojaE3MlJKpgtilgp1,0.633,210000,0.548,4Xx4oojaE3MlJKpgtilgp1,3.88e-05,8,0.0689,-8.018,1,0.0523,173.994,4,https://api.spotify.com/v1/tracks/4Xx4oojaE3MlJKpgtilgp1,audio_features,spotify:track:4Xx4oojaE3MlJKpgtilgp1,0.541
0.00108,https://api.spotify.com/v1/audio-analysis/62N2JSA0jHmSH7Va9t7hIf,0.735,258933,0.686,62N2JSA0jHmSH7Va9t7hIf,0.871,4,0.0933,-7.562,0,0.0366,121.011,4,https://api.spotify.com/v1/tracks/62N2JSA0jHmSH7Va9t7hIf,audio_features,spotify:track:62N2JSA0jHmSH7Va9t7hIf,0.0656
0.0307,https://api.spotify.com/v1/audio-analysis/58iIf2x7PcjRDNNq5fDcPc,0.438,218080,0.766,58iIf2x7PcjRDNNq5fDcPc,0.113,7,0.0924,-4.433,0,0.0498,122.014,4,https://api.spotify.com/v1/tracks/58iIf2x7PcjRDNNq5fDcPc,audio_features,spotify:track:58iIf2x7PcjRDNNq5fDcPc,0.712
0.453,https://api.spotify.com/v1/audio-analysis/5WI2ltQIdwgzf1SNE76JyR,0.444,234910,0.557,5WI2ltQIdwgzf1SNE76JyR,0.0,0,0.152,-5.476,1,0.0602,115.058,4,https://api.spotify.com/v1/tracks/5WI2ltQIdwgzf1SNE76JyR,audio_features,spotify:track:5WI2ltQIdwgzf1SNE76JyR,0.296
0.00465,https://api.spotify.com/v1/audio-analysis/630NcCRy9UpGgVKEPBQSIH,0.685,184453,0.76,630NcCRy9UpGgVKEPBQSIH,1.61e-05,0,0.219,-4.882,0,0.0313,128.035,4,https://api.spotify.com/v1/tracks/630NcCRy9UpGgVKEPBQSIH,audio_features,spotify:track:630NcCRy9UpGgVKEPBQSIH,0.323
0.0801,https://api.spotify.com/v1/audio-analysis/28BEwylPqT4eAmVYbhC3iL,0.686,179995,0.622,28BEwylPqT4eAmVYbhC3iL,0.0,8,0.133,-5.644,1,0.162,84.998,4,https://api.spotify.com/v1/tracks/28BEwylPqT4eAmVYbhC3iL,audio_features,spotify:track:28BEwylPqT4eAmVYbhC3iL,0.546
0.146,https://api.spotify.com/v1/audio-analysis/4OK9L5YHE3pVQWJjNqK56k,0.783,236040,0.554,4OK9L5YHE3pVQWJjNqK56k,0.0,10,0.0783,-4.5,1,0.0444,120.048,4,https://api.spotify.com/v1/tracks/4OK9L5YHE3pVQWJjNqK56k,audio_features,spotify:track:4OK9L5YHE3pVQWJjNqK56k,0.37
0.0137,https://api.spotify.com/v1/audio-analysis/3z9vFcaMAFQy17E8o2A9wR,0.621,190137,0.709,3z9vFcaMAFQy17E8o2A9wR,0.0,6,0.142,-5.31,1,0.0362,93.004,4,https://api.spotify.com/v1/tracks/3z9vFcaMAFQy17E8o2A9wR,audio_features,spotify:track:3z9vFcaMAFQy17E8o2A9wR,0.676
0.0398,https://api.spotify.com/v1/audio-analysis/2XMTqoHHSH0lvuXrvIEdco,0.683,237707,0.708,2XMTqoHHSH0lvuXrvIEdco,0.155,5,0.686,-6.244,0,0.0305,92.991,4,https://api.spotify.com/v1/tracks/2XMTqoHHSH0lvuXrvIEdco,audio_features,spotify:track:2XMTqoHHSH0lvuXrvIEdco,0.355
0.0668,https://api.spotify.com/v1/audio-analysis/5aOpzm8W8zysk4asB9hxJw,0.598,262521,0.532,5aOpzm8W8zysk4asB9hxJw,3.22e-06,3,0.0617,-6.833,0,0.0295,74.963,4,https://api.spotify.com/v1/tracks/5aOpzm8W8zysk4asB9hxJw,audio_features,spotify:track:5aOpzm8W8zysk4asB9hxJw,0.261
0.192,https://api.spotify.com/v1/audio-analysis/7boPPE857KEqCIHNwFkDop,0.365,203400,0.692,7boPPE857KEqCIHNwFkDop,1.51e-06,3,0.0862,-4.586,0,0.0671,89.998,4,https://api.spotify.com/v1/tracks/7boPPE857KEqCIHNwFkDop,audio_features,spotify:track:7boPPE857KEqCIHNwFkDop,0.372
0.18,https://api.spotify.com/v1/audio-analysis/0EDlULDWMq7mUhj28tvkol,0.907,236787,0.552,0EDlULDWMq7mUhj28tvkol,0.0,11,0.131,-7.666,0,0.122,112.025,4,https://api.spotify.com/v1/tracks/0EDlULDWMq7mUhj28tvkol,audio_features,spotify:track:0EDlULDWMq7mUhj28tvkol,0.475
0.0984,https://api.spotify.com/v1/audio-analysis/514rhnksEwHUh6LxXsQ4Y9,0.6,210240,0.683,514rhnksEwHUh6LxXsQ4Y9,1.26e-06,6,0.11,-6.271,1,0.0493,102.036,4,https://api.spotify.com/v1/tracks/514rhnksEwHUh6LxXsQ4Y9,audio_features,spotify:track:514rhnksEwHUh6LxXsQ4Y9,0.494
0.00736,https://api.spotify.com/v1/audio-analysis/46x4SztssOJ1KzRjPqVUPk,0.714,173797,0.809,46x4SztssOJ1KzRjPqVUPk,0.0,7,0.342,-4.34,0,0.0801,128.045,4,https://api.spotify.com/v1/tracks/46x4SztssOJ1KzRjPqVUPk,audio_features,spotify:track:46x4SztssOJ1KzRjPqVUPk,0.32
0.0218,https://api.spotify.com/v1/audio-analysis/32OBFOWMnexg9lxES26hV1,0.744,218724,0.829,32OBFOWMnexg9lxES26hV1,1.29e-06,0,0.35,-4.846,1,0.13,126.111,4,https://api.spotify.com/v1/tracks/32OBFOWMnexg9lxES26hV1,audio_features,spotify:track:32OBFOWMnexg9lxES26hV1,0.634
0.0319,https://api.spotify.com/v1/audio-analysis/3TxKtkCNR1yQARsvHxvNnP,0.556,243536,0.671,3TxKtkCNR1yQARsvHxvNnP,0.000377,11,0.111,-6.366,0,0.0647,105.057,4,https://api.spotify.com/v1/tracks/3TxKtkCNR1yQARsvHxvNnP,audio_features,spotify:track:3TxKtkCNR1yQARsvHxvNnP,0.252
0.0067,https://api.spotify.com/v1/audio-analysis/3gDEo3OPNyAs1jMwSebE24,0.607,217679,0.717,3gDEo3OPNyAs1jMwSebE24,0.00132,5,0.256,-5.771,1,0.0634,125.956,4,https://api.spotify.com/v1/tracks/3gDEo3OPNyAs1jMwSebE24,audio_features,spotify:track:3gDEo3OPNyAs1jMwSebE24,0.376
0.0648,https://api.spotify.com/v1/audio-analysis/6PPd75Ai9WNPuUfOfAoZjF,0.654,201906,0.933,6PPd75Ai9WNPuUfOfAoZjF,1.03e-06,11,0.152,-4.312,0,0.0515,122.048,4,https://api.spotify.com/v1/tracks/6PPd75Ai9WNPuUfOfAoZjF,audio_features,spotify:track:6PPd75Ai9WNPuUfOfAoZjF,0.397
0.141,https://api.spotify.com/v1/audio-analysis/3o8bovLXjsxsFBTXajm1VA,0.704,241893,0.664,3o8bovLXjsxsFBTXajm1VA,0.0,9,0.107,-3.209,0,0.0468,99.963,4,https://api.spotify.com/v1/tracks/3o8bovLXjsxsFBTXajm1VA,audio_features,spotify:track:3o8bovLXjsxsFBTXajm1VA,0.533
0.0615,https://api.spotify.com/v1/audio-analysis/01k24g94i1JvkFLQmVEdCd,0.647,189000,0.853,01k24g94i1JvkFLQmVEdCd,0.0,8,0.062,-4.516,1,0.0904,103.846,4,https://api.spotify.com/v1/tracks/01k24g94i1JvkFLQmVEdCd,audio_features,spotify:track:01k24g94i1JvkFLQmVEdCd,0.618
0.323,https://api.spotify.com/v1/audio-analysis/3u1S1OmAUhx5DRlLrXqyp3,0.69,194408,0.784,3u1S1OmAUhx5DRlLrXqyp3,0.0,1,0.203,-4.653,1,0.032,106.066,4,https://api.spotify.com/v1/tracks/3u1S1OmAUhx5DRlLrXqyp3,audio_features,spotify:track:3u1S1OmAUhx5DRlLrXqyp3,0.669
0.148,https://api.spotify.com/v1/audio-analysis/7v5qpSARWkbs57TH1N8Zg8,0.864,211155,0.599,7v5qpSARWkbs57TH1N8Zg8,0.00142,4,0.0885,-7.044,1,0.0844,103.979,4,https://api.spotify.com/v1/tracks/7v5qpSARWkbs57TH1N8Zg8,audio_features,spotify:track:7v5qpSARWkbs57TH1N8Zg8,0.876
0.775,https://api.spotify.com/v1/audio-analysis/26OhjtaTamFocE08t83ml6,0.766,161985,0.548,26OhjtaTamFocE08t83ml6,5.57e-06,10,0.1,-4.29,1,0.235,82.944,4,https://api.spotify.com/v1/tracks/26OhjtaTamFocE08t83ml6,audio_features,spotify:track:26OhjtaTamFocE08t83ml6,0.424
0.0403,https://api.spotify.com/v1/audio-analysis/76cy1WJvNGJTj78UqeA5zr,0.836,217947,0.544,76cy1WJvNGJTj78UqeA5zr,0.0,7,0.0824,-5.975,1,0.0943,97.028,4,https://api.spotify.com/v1/tracks/76cy1WJvNGJTj78UqeA5zr,audio_features,spotify:track:76cy1WJvNGJTj78UqeA5zr,0.51
0.189,https://api.spotify.com/v1/audio-analysis/6wlOciyEdLDqZXlloy2Fmp,0.828,214693,0.607,6wlOciyEdLDqZXlloy2Fmp,0.0,5,0.347,-6.869,1,0.0369,115.025,4,https://api.spotify.com/v1/tracks/6wlOciyEdLDqZXlloy2Fmp,audio_features,spotify:track:6wlOciyEdLDqZXlloy2Fmp,0.716
0.0162,https://api.spotify.com/v1/audio-analysis/6lD9nDl7jBUSIPDMAMZjuD,0.717,205250,0.872,6lD9nDl7jBUSIPDMAMZjuD,1.99e-06,11,0.205,-3.279,1,0.0357,120.026,4,https://api.spotify.com/v1/tracks/6lD9nDl7jBUSIPDMAMZjuD,audio_features,spotify:track:6lD9nDl7jBUSIPDMAMZjuD,0.61
0.0934,https://api.spotify.com/v1/audio-analysis/6wR0RLhc2y75cZjEeQIHj5,0.786,190099,0.704,6wR0RLhc2y75cZjEeQIHj5,2.46e-05,6,0.0948,-6.46,0,0.0523,101.021,4,https://api.spotify.com/v1/tracks/6wR0RLhc2y75cZjEeQIHj5,audio_features,spotify:track:6wR0RLhc2y75cZjEeQIHj5,0.68
0.495,https://api.spotify.com/v1/audio-analysis/1YMBg7rOjxzbya0fPOYfNX,0.784,198286,0.757,1YMBg7rOjxzbya0fPOYfNX,1.18e-06,8,0.142,-3.912,1,0.0384,104.996,4,https://api.spotify.com/v1/tracks/1YMBg7rOjxzbya0fPOYfNX,audio_features,spotify:track:1YMBg7rOjxzbya0fPOYfNX,0.587
0.0841,https://api.spotify.com/v1/audio-analysis/37SaYFkbleio2mb4VUvvXI,0.692,178617,0.906,37SaYFkbleio2mb4VUvvXI,0.000103,0,0.0951,-3.971,1,0.0317,121.972,4,https://api.spotify.com/v1/tracks/37SaYFkbleio2mb4VUvvXI,audio_features,spotify:track:37SaYFkbleio2mb4VUvvXI,0.666
0.0375,https://api.spotify.com/v1/audio-analysis/2cXby6bRE7SyQ9nQVRYKBT,0.765,226987,0.777,2cXby6bRE7SyQ9nQVRYKBT,0.000139,0,0.0857,-6.445,1,0.0816,125.97,4,https://api.spotify.com/v1/tracks/2cXby6bRE7SyQ9nQVRYKBT,audio_features,spotify:track:2cXby6bRE7SyQ9nQVRYKBT,0.225
0.176,https://api.spotify.com/v1/audio-analysis/0E9ZjEAyAwOXZ7wJC0PD33,0.694,184560,0.77,0E9ZjEAyAwOXZ7wJC0PD33,1.1e-05,6,0.118,-5.335,1,0.149,125.905,4,https://api.spotify.com/v1/tracks/0E9ZjEAyAwOXZ7wJC0PD33,audio_features,spotify:track:0E9ZjEAyAwOXZ7wJC0PD33,0.163
0.186,https://api.spotify.com/v1/audio-analysis/0A9y4c4dkI68IEnsRGtWil,0.823,192109,0.581,0A9y4c4dkI68IEnsRGtWil,8.44e-06,6,0.145,-7.111,0,0.259,106.047,4,https://api.spotify.com/v1/tracks/0A9y4c4dkI68IEnsRGtWil,audio_features,spotify:track:0A9y4c4dkI68IEnsRGtWil,0.675
0.568,https://api.spotify.com/v1/audio-analysis/6FRLCMO5TUHTexlWo8ym1W,0.851,235545,0.541,6FRLCMO5TUHTexlWo8ym1W,0.0,0,0.13,-6.825,1,0.0505,124.959,4,https://api.spotify.com/v1/tracks/6FRLCMO5TUHTexlWo8ym1W,audio_features,spotify:track:6FRLCMO5TUHTexlWo8ym1W,0.448
0.3,https://api.spotify.com/v1/audio-analysis/0WVAQaxrT0wsGEG4BCVSn2,0.688,193321,0.688,0WVAQaxrT0wsGEG4BCVSn2,0.0,3,0.0982,-5.84,1,0.0357,114.011,4,https://api.spotify.com/v1/tracks/0WVAQaxrT0wsGEG4BCVSn2,audio_features,spotify:track:0WVAQaxrT0wsGEG4BCVSn2,0.451
0.424,https://api.spotify.com/v1/audio-analysis/3a4UuAErF1VMAkwqzkc1tj,0.698,186610,0.653,3a4UuAErF1VMAkwqzkc1tj,0.0,9,0.321,-6.365,1,0.0521,100.976,4,https://api.spotify.com/v1/tracks/3a4UuAErF1VMAkwqzkc1tj,audio_features,spotify:track:3a4UuAErF1VMAkwqzkc1tj,0.381
0.00719,https://api.spotify.com/v1/audio-analysis/6lFbdi743kgerMZDjSqbuA,0.732,177073,0.734,6lFbdi743kgerMZDjSqbuA,1.49e-05,0,0.34,-6.423,1,0.107,123.033,4,https://api.spotify.com/v1/tracks/6lFbdi743kgerMZDjSqbuA,audio_features,spotify:track:6lFbdi743kgerMZDjSqbuA,0.643
0.505,https://api.spotify.com/v1/audio-analysis/7hCr1IIEbIZGG3fR7Gaptc,0.705,206120,0.595,7hCr1IIEbIZGG3fR7Gaptc,0.0,6,0.0813,-7.489,0,0.313,140.06,4,https://api.spotify.com/v1/tracks/7hCr1IIEbIZGG3fR7Gaptc,audio_features,spotify:track:7hCr1IIEbIZGG3fR7Gaptc,0.326
0.41,https://api.spotify.com/v1/audio-analysis/5UV4u1vdRO9zvsqe1rjNBO,0.368,228390,0.419,5UV4u1vdRO9zvsqe1rjNBO,2.31e-06,9,0.196,-8.348,1,0.0651,172.079,3,https://api.spotify.com/v1/tracks/5UV4u1vdRO9zvsqe1rjNBO,audio_features,spotify:track:5UV4u1vdRO9zvsqe1rjNBO,0.328
0.063,https://api.spotify.com/v1/audio-analysis/45w70aQhNwke1yrQZO0ffm,0.752,194989,0.679,45w70aQhNwke1yrQZO0ffm,0.0,3,0.0727,-6.464,1,0.0304,106.99,4,https://api.spotify.com/v1/tracks/45w70aQhNwke1yrQZO0ffm,audio_features,spotify:track:45w70aQhNwke1yrQZO0ffm,0.669
0.0241,https://api.spotify.com/v1/audio-analysis/1wnqgK5MLxb91bV9obkRPX,0.696,214546,0.507,1wnqgK5MLxb91bV9obkRPX,0.0,2,0.0387,-4.632,1,0.288,95.834,4,https://api.spotify.com/v1/tracks/1wnqgK5MLxb91bV9obkRPX,audio_features,spotify:track:1wnqgK5MLxb91bV9obkRPX,0.528
0.107,https://api.spotify.com/v1/audio-analysis/5YeHLHDdQ4nKHk81XFWhCU,0.847,227387,0.603,5YeHLHDdQ4nKHk81XFWhCU,7.4e-06,0,0.106,-4.607,0,0.0397,114.045,4,https://api.spotify.com/v1/tracks/5YeHLHDdQ4nKHk81XFWhCU,audio_features,spotify:track:5YeHLHDdQ4nKHk81XFWhCU,0.735
0.535,https://api.spotify.com/v1/audio-analysis/1wjzFQodRWrPcQ0AnYnvQ9,0.752,197437,0.505,1wjzFQodRWrPcQ0AnYnvQ9,2.55e-06,9,0.104,-7.621,1,0.253,91.97,4,https://api.spotify.com/v1/tracks/1wjzFQodRWrPcQ0AnYnvQ9,audio_features,spotify:track:1wjzFQodRWrPcQ0AnYnvQ9,0.419
0.0611,https://api.spotify.com/v1/audio-analysis/6ThLMfCXaWHtv0UEvnM8Do,0.482,171340,0.523,6ThLMfCXaWHtv0UEvnM8Do,7.17e-06,5,0.266,-6.843,0,0.0264,145.068,4,https://api.spotify.com/v1/tracks/6ThLMfCXaWHtv0UEvnM8Do,audio_features,spotify:track:6ThLMfCXaWHtv0UEvnM8Do,0.326
0.0712,https://api.spotify.com/v1/audio-analysis/17o7MI50D0SjBvlYsaHDqi,0.671,247507,0.763,17o7MI50D0SjBvlYsaHDqi,0.000655,2,0.171,-6.078,1,0.0434,120.013,4,https://api.spotify.com/v1/tracks/17o7MI50D0SjBvlYsaHDqi,audio_features,spotify:track:17o7MI50D0SjBvlYsaHDqi,0.304
0.0384,https://api.spotify.com/v1/audio-analysis/5dASpsaEPDq5ZC9vv5Sn9s,0.724,200614,0.838,5dASpsaEPDq5ZC9vv5Sn9s,0.0,8,0.0724,-4.302,1,0.102,113.048,4,https://api.spotify.com/v1/tracks/5dASpsaEPDq5ZC9vv5Sn9s,audio_features,spotify:track:5dASpsaEPDq5ZC9vv5Sn9s,0.444
0.0441,https://api.spotify.com/v1/audio-analysis/4eoCm1tAMt8Mu0f2UW9TdW,0.768,145206,0.697,4eoCm1tAMt8Mu0f2UW9TdW,0.000154,9,0.0711,-5.407,0,0.0429,123.971,4,https://api.spotify.com/v1/tracks/4eoCm1tAMt8Mu0f2UW9TdW,audio_features,spotify:track:4eoCm1tAMt8Mu0f2UW9TdW,0.504
0.0431,https://api.spotify.com/v1/audio-analysis/1YEw6iUZurigCZgtg91VKu,0.78,252093,0.79,1YEw6iUZurigCZgtg91VKu,0.00698,0,0.164,-4.22,0,0.0682,116.006,4,https://api.spotify.com/v1/tracks/1YEw6iUZurigCZgtg91VKu,audio_features,spotify:track:1YEw6iUZurigCZgtg91VKu,0.49
0.373,https://api.spotify.com/v1/audio-analysis/2x6osQWSOA7O1623IPQ0Wc,0.679,178667,0.822,2x6osQWSOA7O1623IPQ0Wc,0.0,9,0.134,-5.168,1,0.245,90.011,4,https://api.spotify.com/v1/tracks/2x6osQWSOA7O1623IPQ0Wc,audio_features,spotify:track:2x6osQWSOA7O1623IPQ0Wc,0.362
0.24,https://api.spotify.com/v1/audio-analysis/6TPIQmUl7e9o9NQni6cvVz,0.785,229696,0.716,6TPIQmUl7e9o9NQni6cvVz,0.0,1,0.125,-5.138,0,0.134,114.962,4,https://api.spotify.com/v1/tracks/6TPIQmUl7e9o9NQni6cvVz,audio_features,spotify:track:6TPIQmUl7e9o9NQni6cvVz,0.343
0.454,https://api.spotify.com/v1/audio-analysis/4Vpjh5VlV7rnPZGqVJUxrV,0.805,203480,0.713,4Vpjh5VlV7rnPZGqVJUxrV,3.31e-05,2,0.145,-3.476,1,0.0908,119.024,4,https://api.spotify.com/v1/tracks/4Vpjh5VlV7rnPZGqVJUxrV,audio_features,spotify:track:4Vpjh5VlV7rnPZGqVJUxrV,0.256
0.432,https://api.spotify.com/v1/audio-analysis/2ZKOM0Rjap2QhAugw63uGS,0.725,197705,0.712,2ZKOM0Rjap2QhAugw63uGS,0.0438,5,0.172,-9.05,0,0.037,121.981,4,https://api.spotify.com/v1/tracks/2ZKOM0Rjap2QhAugw63uGS,audio_features,spotify:track:2ZKOM0Rjap2QhAugw63uGS,0.306
0.0179,https://api.spotify.com/v1/audio-analysis/1y2zwV3npol6xxJHxnEdjE,0.728,174706,0.474,1y2zwV3npol6xxJHxnEdjE,1.17e-05,5,0.12,-6.55,0,0.0418,135.974,4,https://api.spotify.com/v1/tracks/1y2zwV3npol6xxJHxnEdjE,audio_features,spotify:track:1y2zwV3npol6xxJHxnEdjE,0.573
0.299,https://api.spotify.com/v1/audio-analysis/3ZMsVbuvuUMQ6kzglsU2UW,0.577,186410,0.701,3ZMsVbuvuUMQ6kzglsU2UW,0.0,6,0.124,-4.142,1,0.276,170.028,4,https://api.spotify.com/v1/tracks/3ZMsVbuvuUMQ6kzglsU2UW,audio_features,spotify:track:3ZMsVbuvuUMQ6kzglsU2UW,0.694
0.495,https://api.spotify.com/v1/audio-analysis/1PkamXv2nRdDqtxzIKY7DT,0.785,209280,0.517,1PkamXv2nRdDqtxzIKY7DT,1.77e-06,1,0.122,-8.219,0,0.231,96.012,4,https://api.spotify.com/v1/tracks/1PkamXv2nRdDqtxzIKY7DT,audio_features,spotify:track:1PkamXv2nRdDqtxzIKY7DT,0.42
0.0321,https://api.spotify.com/v1/audio-analysis/4pMk3pOh6dGiZYrLql4Fu1,0.78,177467,0.666,4pMk3pOh6dGiZYrLql4Fu1,0.0382,5,0.0905,-5.328,0,0.0355,121.006,4,https://api.spotify.com/v1/tracks/4pMk3pOh6dGiZYrLql4Fu1,audio_features,spotify:track:4pMk3pOh6dGiZYrLql4Fu1,0.3
0.0863,https://api.spotify.com/v1/audio-analysis/5URgBA9jDxEu3YShbGfnSj,0.739,237505,0.77,5URgBA9jDxEu3YShbGfnSj,0.227,3,0.337,-6.076,1,0.0468,124.022,4,https://api.spotify.com/v1/tracks/5URgBA9jDxEu3YShbGfnSj,audio_features,spotify:track:5URgBA9jDxEu3YShbGfnSj,0.343
0.0357,https://api.spotify.com/v1/audio-analysis/2uDxSfJSJbOFEdiKInKKB1,0.692,188424,0.808,2uDxSfJSJbOFEdiKInKKB1,0.00338,7,0.14,-5.258,0,0.0365,125.022,4,https://api.spotify.com/v1/tracks/2uDxSfJSJbOFEdiKInKKB1,audio_features,spotify:track:2uDxSfJSJbOFEdiKInKKB1,0.283
0.251,https://api.spotify.com/v1/audio-analysis/5n7CLdWStNPCTKtMueIu6v,0.791,200273,0.733,5n7CLdWStNPCTKtMueIu6v,1.71e-06,8,0.132,-5.419,1,0.114,120.049,4,https://api.spotify.com/v1/tracks/5n7CLdWStNPCTKtMueIu6v,audio_features,spotify:track:5n7CLdWStNPCTKtMueIu6v,0.368
0.0542,https://api.spotify.com/v1/audio-analysis/38Uf2yeWNuYossog57GFfN,0.633,182694,0.74,38Uf2yeWNuYossog57GFfN,0.00399,5,0.0962,-6.576,1,0.036,133.972,4,https://api.spotify.com/v1/tracks/38Uf2yeWNuYossog57GFfN,audio_features,spotify:track:38Uf2yeWNuYossog57GFfN,0.363
0.00513,https://api.spotify.com/v1/audio-analysis/2xLMifQCjDGFmkHkpNLD9h,0.834,312820,0.73,2xLMifQCjDGFmkHkpNLD9h,0.0,8,0.124,-3.714,1,0.222,155.008,4,https://api.spotify.com/v1/tracks/2xLMifQCjDGFmkHkpNLD9h,audio_features,spotify:track:2xLMifQCjDGFmkHkpNLD9h,0.446
0.139,https://api.spotify.com/v1/audio-analysis/4Xf4XTwmxHIm24UcDjOuzV,0.669,180005,0.667,4Xf4XTwmxHIm24UcDjOuzV,0.00139,2,0.122,-9.275,1,0.0549,120.045,4,https://api.spotify.com/v1/tracks/4Xf4XTwmxHIm24UcDjOuzV,audio_features,spotify:track:4Xf4XTwmxHIm24UcDjOuzV,0.176
0.268,https://api.spotify.com/v1/audio-analysis/3vbkMO3A7nKlEsz2Uay8nU,0.751,163419,0.743,3vbkMO3A7nKlEsz2Uay8nU,3.6e-06,7,0.365,-4.28,0,0.0522,98.02,4,https://api.spotify.com/v1/tracks/3vbkMO3A7nKlEsz2Uay8nU,audio_features,spotify:track:3vbkMO3A7nKlEsz2Uay8nU,0.31
0.0794,https://api.spotify.com/v1/audio-analysis/5lJAZ8IMBzfeWcV3PjCMMO,0.809,213798,0.533,5lJAZ8IMBzfeWcV3PjCMMO,0.00112,0,0.113,-7.419,1,0.0561,128.013,4,https://api.spotify.com/v1/tracks/5lJAZ8IMBzfeWcV3PjCMMO,audio_features,spotify:track:5lJAZ8IMBzfeWcV3PjCMMO,0.282
0.0418,https://api.spotify.com/v1/audio-analysis/3OTnKtovq34lEW0KEJc5z0,0.723,150000,0.714,3OTnKtovq34lEW0KEJc5z0,5.85e-06,2,0.223,-5.854,1,0.0466,119.936,4,https://api.spotify.com/v1/tracks/3OTnKtovq34lEW0KEJc5z0,audio_features,spotify:track:3OTnKtovq34lEW0KEJc5z0,0.531
0.136,https://api.spotify.com/v1/audio-analysis/0nBkfiPviDubY0HwMoqrm4,0.528,214169,0.733,0nBkfiPviDubY0HwMoqrm4,0.0,10,0.105,-5.877,1,0.0603,87.795,4,https://api.spotify.com/v1/tracks/0nBkfiPviDubY0HwMoqrm4,audio_features,spotify:track:0nBkfiPviDubY0HwMoqrm4,0.205
0.568,https://api.spotify.com/v1/audio-analysis/7bCer4M8MED1kVoDZN6QoX,0.648,162933,0.862,7bCer4M8MED1kVoDZN6QoX,1.2e-06,1,0.182,-4.605,1,0.279,126.089,4,https://api.spotify.com/v1/tracks/7bCer4M8MED1kVoDZN6QoX,audio_features,spotify:track:7bCer4M8MED1kVoDZN6QoX,0.759
0.0141,https://api.spotify.com/v1/audio-analysis/7kHCuyratQoSE2Vx4LViXs,0.721,214342,0.726,7kHCuyratQoSE2Vx4LViXs,5.92e-06,6,0.256,-6.696,1,0.165,110.153,4,https://api.spotify.com/v1/tracks/7kHCuyratQoSE2Vx4LViXs,audio_features,spotify:track:7kHCuyratQoSE2Vx4LViXs,0.324
0.0747,https://api.spotify.com/v1/audio-analysis/3CiBI1yRg9oUygxCOXlxUq,0.817,199584,0.671,3CiBI1yRg9oUygxCOXlxUq,0.0,0,0.0844,-5.628,1,0.0827,111.966,4,https://api.spotify.com/v1/tracks/3CiBI1yRg9oUygxCOXlxUq,audio_features,spotify:track:3CiBI1yRg9oUygxCOXlxUq,0.306
0.179,https://api.spotify.com/v1/audio-analysis/1v7ieSIGSuV9mPjKnUGVs8,0.735,176953,0.589,1v7ieSIGSuV9mPjKnUGVs8,0.0,7,0.206,-5.75,1,0.0417,102.054,4,https://api.spotify.com/v1/tracks/1v7ieSIGSuV9mPjKnUGVs8,audio_features,spotify:track:1v7ieSIGSuV9mPjKnUGVs8,0.471
0.432,https://api.spotify.com/v1/audio-analysis/2E3eOycFibF2NW5ccWZHAK,0.858,239487,0.667,2E3eOycFibF2NW5ccWZHAK,4.31e-06,11,0.0928,-6.816,1,0.0467,120.003,4,https://api.spotify.com/v1/tracks/2E3eOycFibF2NW5ccWZHAK,audio_features,spotify:track:2E3eOycFibF2NW5ccWZHAK,0.561
0.514,https://api.spotify.com/v1/audio-analysis/0BTEuGrZVHpQaM65sXgBrJ,0.803,175304,0.534,0BTEuGrZVHpQaM65sXgBrJ,0.00165,9,0.137,-6.271,0,0.211,114.982,4,https://api.spotify.com/v1/tracks/0BTEuGrZVHpQaM65sXgBrJ,audio_features,spotify:track:0BTEuGrZVHpQaM65sXgBrJ,0.127
0.0211,https://api.spotify.com/v1/audio-analysis/4OafepJy2teCjYJbvFE60J,0.568,198160,0.656,4OafepJy2teCjYJbvFE60J,1.37e-05,8,0.213,-5.413,1,0.0433,100.049,4,https://api.spotify.com/v1/tracks/4OafepJy2teCjYJbvFE60J,audio_features,spotify:track:4OafepJy2teCjYJbvFE60J,0.364
0.0114,https://api.spotify.com/v1/audio-analysis/2RvXhY9s8n4Y44l1pL2up8,0.788,353704,0.683,2RvXhY9s8n4Y44l1pL2up8,0.193,5,0.2,-8.542,1,0.0719,113.972,4,https://api.spotify.com/v1/tracks/2RvXhY9s8n4Y44l1pL2up8,audio_features,spotify:track:2RvXhY9s8n4Y44l1pL2up8,0.384
0.0761,https://api.spotify.com/v1/audio-analysis/5txUvl9hfBJ0Yg8vAzGpSb,0.621,132857,0.931,5txUvl9hfBJ0Yg8vAzGpSb,0.00286,4,0.108,-0.982,1,0.035,111.947,4,https://api.spotify.com/v1/tracks/5txUvl9hfBJ0Yg8vAzGpSb,audio_features,spotify:track:5txUvl9hfBJ0Yg8vAzGpSb,0.47
0.122,https://api.spotify.com/v1/audio-analysis/6bOl5FnEASu2y5UKoCratX,0.745,216393,0.842,6bOl5FnEASu2y5UKoCratX,0.0,1,0.074,-3.807,1,0.043,121.969,4,https://api.spotify.com/v1/tracks/6bOl5FnEASu2y5UKoCratX,audio_features,spotify:track:6bOl5FnEASu2y5UKoCratX,0.448
0.0103,https://api.spotify.com/v1/audio-analysis/4kL66iksPrNaqzKYlzDgoa,0.776,213245,0.732,4kL66iksPrNaqzKYlzDgoa,0.000446,1,0.242,-5.516,1,0.265,121.057,4,https://api.spotify.com/v1/tracks/4kL66iksPrNaqzKYlzDgoa,audio_features,spotify:track:4kL66iksPrNaqzKYlzDgoa,0.422
0.0827,https://api.spotify.com/v1/audio-analysis/1EDpJKQEGfXcdlRlEeSD5Q,0.771,226725,0.721,1EDpJKQEGfXcdlRlEeSD5Q,9.73e-05,0,0.0674,-5.087,1,0.0351,119.995,4,https://api.spotify.com/v1/tracks/1EDpJKQEGfXcdlRlEeSD5Q,audio_features,spotify:track:1EDpJKQEGfXcdlRlEeSD5Q,0.575
0.0969,https://api.spotify.com/v1/audio-analysis/5JEx7HbmvHQQswJCsoo9rA,0.574,182623,0.758,5JEx7HbmvHQQswJCsoo9rA,0.0,1,0.395,-5.029,0,0.0621,144.111,4,https://api.spotify.com/v1/tracks/5JEx7HbmvHQQswJCsoo9rA,audio_features,spotify:track:5JEx7HbmvHQQswJCsoo9rA,0.492
0.0181,https://api.spotify.com/v1/audio-analysis/55a4T3yJwr1ZVcKEprSwXC,0.713,151829,0.71,55a4T3yJwr1ZVcKEprSwXC,8.78e-06,5,0.151,-3.792,1,0.0435,121.935,4,https://api.spotify.com/v1/tracks/55a4T3yJwr1ZVcKEprSwXC,audio_features,spotify:track:55a4T3yJwr1ZVcKEprSwXC,0.304
0.122,https://api.spotify.com/v1/audio-analysis/7pNNFcYN2N1T0lOKMHL8u9,0.613,160000,0.933,7pNNFcYN2N1T0lOKMHL8u9,0.0,4,0.0601,-2.07,0,0.116,119.937,4,https://api.spotify.com/v1/tracks/7pNNFcYN2N1T0lOKMHL8u9,audio_features,spotify:track:7pNNFcYN2N1T0lOKMHL8u9,0.519
0.0473,https://api.spotify.com/v1/audio-analysis/2SUGiEaWclFc6XYdL71wqA,0.71,170441,0.835,2SUGiEaWclFc6XYdL71wqA,0.00551,5,0.131,-3.983,1,0.044,98.452,4,https://api.spotify.com/v1/tracks/2SUGiEaWclFc6XYdL71wqA,audio_features,spotify:track:2SUGiEaWclFc6XYdL71wqA,0.537
0.124,https://api.spotify.com/v1/audio-analysis/3PTMcrpi5tbHzc8xxOZ8lG,0.605,161520,0.733,3PTMcrpi5tbHzc8xxOZ8lG,0.0,2,0.0786,-4.684,1,0.0616,125.029,4,https://api.spotify.com/v1/tracks/3PTMcrpi5tbHzc8xxOZ8lG,audio_features,spotify:track:3PTMcrpi5tbHzc8xxOZ8lG,0.489
0.423,https://api.spotify.com/v1/audio-analysis/5tAa8Uaqr4VvA3693mbIhU,0.665,190932,0.699,5tAa8Uaqr4VvA3693mbIhU,0.0,11,0.0969,-5.265,1,0.0578,124.896,4,https://api.spotify.com/v1/tracks/5tAa8Uaqr4VvA3693mbIhU,audio_features,spotify:track:5tAa8Uaqr4VvA3693mbIhU,0.585
0.174,https://api.spotify.com/v1/audio-analysis/14gdcYmHyORy3ZnvLwZzRV,0.652,196125,0.7,14gdcYmHyORy3ZnvLwZzRV,0.0,11,0.191,-6.854,1,0.103,160.055,4,https://api.spotify.com/v1/tracks/14gdcYmHyORy3ZnvLwZzRV,audio_features,spotify:track:14gdcYmHyORy3ZnvLwZzRV,0.744
0.121,https://api.spotify.com/v1/audio-analysis/7FjZU7XFs7P9jHI9Z0yRhK,0.7,190302,0.872,7FjZU7XFs7P9jHI9Z0yRhK,7.08e-06,10,0.103,-5.896,1,0.0666,125.03,4,https://api.spotify.com/v1/tracks/7FjZU7XFs7P9jHI9Z0yRhK,audio_features,spotify:track:7FjZU7XFs7P9jHI9Z0yRhK,0.761
0.28,https://api.spotify.com/v1/audio-analysis/2rPE9A1vEgShuZxxzR2tZH,0.724,207333,0.647,2rPE9A1vEgShuZxxzR2tZH,0.0,1,0.102,-5.642,1,0.0658,106.96,4,https://api.spotify.com/v1/tracks/2rPE9A1vEgShuZxxzR2tZH,audio_features,spotify:track:2rPE9A1vEgShuZxxzR2tZH,0.435
0.0229,https://api.spotify.com/v1/audio-analysis/3LaQ1GajOXoUeiTA9UAcCK,0.768,187301,0.83,3LaQ1GajOXoUeiTA9UAcCK,0.000127,11,0.145,-4.983,0,0.036,126.007,4,https://api.spotify.com/v1/tracks/3LaQ1GajOXoUeiTA9UAcCK,audio_features,spotify:track:3LaQ1GajOXoUeiTA9UAcCK,0.444
0.101,https://api.spotify.com/v1/audio-analysis/3UADr5hqpveJTBHXKbdA23,0.74,163163,0.592,3UADr5hqpveJTBHXKbdA23,1.44e-05,0,0.45,-8.275,1,0.181,121.002,4,https://api.spotify.com/v1/tracks/3UADr5hqpveJTBHXKbdA23,audio_features,spotify:track:3UADr5hqpveJTBHXKbdA23,0.119
0.314,https://api.spotify.com/v1/audio-analysis/6qNALlmZa1ESnCxJmXE1K9,0.755,186080,0.769,6qNALlmZa1ESnCxJmXE1K9,2.38e-06,10,0.0628,-5.658,0,0.186,114.966,4,https://api.spotify.com/v1/tracks/6qNALlmZa1ESnCxJmXE1K9,audio_features,spotify:track:6qNALlmZa1ESnCxJmXE1K9,0.642
0.238,https://api.spotify.com/v1/audio-analysis/1wYA2W8L5jQdtP6y35g1aj,0.776,178747,0.531,1wYA2W8L5jQdtP6y35g1aj,0.0,7,0.28,-7.455,1,0.0521,105.055,4,https://api.spotify.com/v1/tracks/1wYA2W8L5jQdtP6y35g1aj,audio_features,spotify:track:1wYA2W8L5jQdtP6y35g1aj,0.452
0.183,https://api.spotify.com/v1/audio-analysis/2EOKBWB1oBUulPP5pWAzoP,0.695,185806,0.891,2EOKBWB1oBUulPP5pWAzoP,0.0104,8,0.282,-3.541,0,0.0818,123.963,4,https://api.spotify.com/v1/tracks/2EOKBWB1oBUulPP5pWAzoP,audio_features,spotify:track:2EOKBWB1oBUulPP5pWAzoP,0.617
0.0125,https://api.spotify.com/v1/audio-analysis/2m7QTaFkY4n1EEqZyVvAPe,0.818,205976,0.766,2m7QTaFkY4n1EEqZyVvAPe,0.000299,11,0.0818,-3.255,1,0.0584,123.038,4,https://api.spotify.com/v1/tracks/2m7QTaFkY4n1EEqZyVvAPe,audio_features,spotify:track:2m7QTaFkY4n1EEqZyVvAPe,0.846
0.134,https://api.spotify.com/v1/audio-analysis/1Q5tgksw03lk1k0TXAMvQu,0.764,232941,0.647,1Q5tgksw03lk1k0TXAMvQu,0.0,8,0.34,-5.026,1,0.0368,119.031,4,https://api.spotify.com/v1/tracks/1Q5tgksw03lk1k0TXAMvQu,audio_features,spotify:track:1Q5tgksw03lk1k0TXAMvQu,0.325
0.171,https://api.spotify.com/v1/audio-analysis/4402YDOEPG1HiiFVjy07QB,0.597,207576,0.713,4402YDOEPG1HiiFVjy07QB,0.0,1,0.216,-4.393,0,0.0288,137.959,4,https://api.spotify.com/v1/tracks/4402YDOEPG1HiiFVjy07QB,audio_features,spotify:track:4402YDOEPG1HiiFVjy07QB,0.559
0.114,https://api.spotify.com/v1/audio-analysis/6n4HfHDAvFV8Ukf0TSwmQu,0.496,204878,0.752,6n4HfHDAvFV8Ukf0TSwmQu,0.0,6,0.426,-3.497,0,0.169,122.474,4,https://api.spotify.com/v1/tracks/6n4HfHDAvFV8Ukf0TSwmQu,audio_features,spotify:track:6n4HfHDAvFV8Ukf0TSwmQu,0.449
0.0212,https://api.spotify.com/v1/audio-analysis/59XzetBvYTk4xeNmUmFfBG,0.682,209986,0.878,59XzetBvYTk4xeNmUmFfBG,0.0108,2,0.385,-5.476,0,0.061,120.065,4,https://api.spotify.com/v1/tracks/59XzetBvYTk4xeNmUmFfBG,audio_features,spotify:track:59XzetBvYTk4xeNmUmFfBG,0.269
0.0386,https://api.spotify.com/v1/audio-analysis/7hAWkQaijMm2fGArP97A10,0.723,197674,0.648,7hAWkQaijMm2fGArP97A10,1.88e-06,0,0.322,-11.715,1,0.0819,120.0,4,https://api.spotify.com/v1/tracks/7hAWkQaijMm2fGArP97A10,audio_features,spotify:track:7hAWkQaijMm2fGArP97A10,0.603
0.0957,https://api.spotify.com/v1/audio-analysis/076rcQgm59KaoehaKRkT7Y,0.703,180571,0.752,076rcQgm59KaoehaKRkT7Y,4.75e-05,0,0.103,-3.169,1,0.0362,105.048,4,https://api.spotify.com/v1/tracks/076rcQgm59KaoehaKRkT7Y,audio_features,spotify:track:076rcQgm59KaoehaKRkT7Y,0.366
0.0662,https://api.spotify.com/v1/audio-analysis/3DQfhHfUwbeDfY9L9aVOY9,0.497,252043,0.653,3DQfhHfUwbeDfY9L9aVOY9,0.00646,9,0.086,-6.294,0,0.0419,122.012,4,https://api.spotify.com/v1/tracks/3DQfhHfUwbeDfY9L9aVOY9,audio_features,spotify:track:3DQfhHfUwbeDfY9L9aVOY9,0.174
0.0589,https://api.spotify.com/v1/audio-analysis/4m85EKqUwLsIm1ldig1scW,0.765,149032,0.651,4m85EKqUwLsIm1ldig1scW,0.00886,9,0.224,-9.235,0,0.0546,123.947,4,https://api.spotify.com/v1/tracks/4m85EKqUwLsIm1ldig1scW,audio_features,spotify:track:4m85EKqUwLsIm1ldig1scW,0.38
0.426,https://api.spotify.com/v1/audio-analysis/56SHxd1fNd564p7kS6URmz,0.792,185085,0.649,56SHxd1fNd564p7kS6URmz,9.27e-05,11,0.0942,-3.966,0,0.0808,118.016,4,https://api.spotify.com/v1/tracks/56SHxd1fNd564p7kS6URmz,audio_features,spotify:track:56SHxd1fNd564p7kS6URmz,0.444
0.158,https://api.spotify.com/v1/audio-analysis/3F9hH6dMauIl38L6tKNP4G,0.898,216216,0.515,3F9hH6dMauIl38L6tKNP4G,0.000332,0,0.0677,-7.348,0,0.0932,121.992,4,https://api.spotify.com/v1/tracks/3F9hH6dMauIl38L6tKNP4G,audio_features,spotify:track:3F9hH6dMauIl38L6tKNP4G,0.358
0.00251,https://api.spotify.com/v1/audio-analysis/6XL6TliCQ2CCQUHsGUxWmb,0.672,172510,0.733,6XL6TliCQ2CCQUHsGUxWmb,0.00328,10,0.363,-6.75,0,0.0432,127.84,4,https://api.spotify.com/v1/tracks/6XL6TliCQ2CCQUHsGUxWmb,audio_features,spotify:track:6XL6TliCQ2CCQUHsGUxWmb,0.532
0.0768,https://api.spotify.com/v1/audio-analysis/6znHmPMVgcZOO1XfEjyyP7,0.805,154000,0.584,6znHmPMVgcZOO1XfEjyyP7,0.000295,6,0.351,-5.78,0,0.0349,119.998,4,https://api.spotify.com/v1/tracks/6znHmPMVgcZOO1XfEjyyP7,audio_features,spotify:track:6znHmPMVgcZOO1XfEjyyP7,0.377
0.236,https://api.spotify.com/v1/audio-analysis/0RZRRgqsXXcXOnAxXKZtka,0.681,180984,0.833,0RZRRgqsXXcXOnAxXKZtka,0.00736,6,0.119,-3.703,1,0.0326,122.031,4,https://api.spotify.com/v1/tracks/0RZRRgqsXXcXOnAxXKZtka,audio_features,spotify:track:0RZRRgqsXXcXOnAxXKZtka,0.213
0.0389,https://api.spotify.com/v1/audio-analysis/0V3zlYcGSgt46sF1I3YpN0,0.617,170323,0.767,0V3zlYcGSgt46sF1I3YpN0,1.48e-06,9,0.0612,-5.488,1,0.0616,124.126,4,https://api.spotify.com/v1/tracks/0V3zlYcGSgt46sF1I3YpN0,audio_features,spotify:track:0V3zlYcGSgt46sF1I3YpN0,0.116
0.32,https://api.spotify.com/v1/audio-analysis/2OpnKI8ztGSTFshxjYFiYx,0.843,232258,0.504,2OpnKI8ztGSTFshxjYFiYx,0.00354,6,0.0962,-6.33,0,0.39,123.96,4,https://api.spotify.com/v1/tracks/2OpnKI8ztGSTFshxjYFiYx,audio_features,spotify:track:2OpnKI8ztGSTFshxjYFiYx,0.416
0.209,https://api.spotify.com/v1/audio-analysis/3JUsu7xytJHPATvlbNBeOM,0.724,211345,0.786,3JUsu7xytJHPATvlbNBeOM,0.0,7,0.21,-4.959,1,0.0679,121.114,4,https://api.spotify.com/v1/tracks/3JUsu7xytJHPATvlbNBeOM,audio_features,spotify:track:3JUsu7xytJHPATvlbNBeOM,0.538
0.045,https://api.spotify.com/v1/audio-analysis/4FLkdTiZXMJqenotH0M5FP,0.729,177575,0.787,4FLkdTiZXMJqenotH0M5FP,0.00646,5,0.351,-6.282,0,0.0329,127.018,4,https://api.spotify.com/v1/tracks/4FLkdTiZXMJqenotH0M5FP,audio_features,spotify:track:4FLkdTiZXMJqenotH0M5FP,0.62
0.116,https://api.spotify.com/v1/audio-analysis/7iZNSpGlLbfuyKBFkZZrvT,0.779,186382,0.891,7iZNSpGlLbfuyKBFkZZrvT,0.00541,8,0.0396,-4.754,1,0.0903,122.995,4,https://api.spotify.com/v1/tracks/7iZNSpGlLbfuyKBFkZZrvT,audio_features,spotify:track:7iZNSpGlLbfuyKBFkZZrvT,0.783
0.0566,https://api.spotify.com/v1/audio-analysis/5n4slZDIIcFdCOtUTvSF1W,0.685,174916,0.804,5n4slZDIIcFdCOtUTvSF1W,0.0,4,0.114,-3.963,0,0.0849,125.965,4,https://api.spotify.com/v1/tracks/5n4slZDIIcFdCOtUTvSF1W,audio_features,spotify:track:5n4slZDIIcFdCOtUTvSF1W,0.175
0.0163,https://api.spotify.com/v1/audio-analysis/0EdhH0Oq2LsK3IAoPEB8Vl,0.706,177173,0.879,0EdhH0Oq2LsK3IAoPEB8Vl,0.000147,9,0.137,-4.675,1,0.0516,124.982,4,https://api.spotify.com/v1/tracks/0EdhH0Oq2LsK3IAoPEB8Vl,audio_features,spotify:track:0EdhH0Oq2LsK3IAoPEB8Vl,0.261
0.191,https://api.spotify.com/v1/audio-analysis/42gJat74CEyy3jPliCVKOC,0.768,195802,0.858,42gJat74CEyy3jPliCVKOC,3.21e-05,8,0.602,-5.494,0,0.0482,122.004,4,https://api.spotify.com/v1/tracks/42gJat74CEyy3jPliCVKOC,audio_features,spotify:track:42gJat74CEyy3jPliCVKOC,0.556
0.00914,https://api.spotify.com/v1/audio-analysis/0EYklWGtHN6qH25uKbaSf3,0.797,308293,0.858,0EYklWGtHN6qH25uKbaSf3,0.678,11,0.348,-5.537,0,0.0734,122.994,4,https://api.spotify.com/v1/tracks/0EYklWGtHN6qH25uKbaSf3,audio_features,spotify:track:0EYklWGtHN6qH25uKbaSf3,0.671
0.00169,https://api.spotify.com/v1/audio-analysis/22fRcII6LTYa4R50Q8pgcY,0.783,210625,0.874,22fRcII6LTYa4R50Q8pgcY,1.08e-06,3,0.111,-4.945,0,0.071,119.994,4,https://api.spotify.com/v1/tracks/22fRcII6LTYa4R50Q8pgcY,audio_features,spotify:track:22fRcII6LTYa4R50Q8pgcY,0.779
0.107,https://api.spotify.com/v1/audio-analysis/0Z3dF1vcTuTcNJe0OhKtlw,0.81,212336,0.707,0Z3dF1vcTuTcNJe0OhKtlw,0.0115,11,0.146,-5.429,0,0.0467,122.014,4,https://api.spotify.com/v1/tracks/0Z3dF1vcTuTcNJe0OhKtlw,audio_features,spotify:track:0Z3dF1vcTuTcNJe0OhKtlw,0.395
0.000207,https://api.spotify.com/v1/audio-analysis/11PpNJmnzgUJsHlkOHYkhz,0.752,185431,0.957,11PpNJmnzgUJsHlkOHYkhz,0.48,7,0.129,-4.255,0,0.0396,122.99,4,https://api.spotify.com/v1/tracks/11PpNJmnzgUJsHlkOHYkhz,audio_features,spotify:track:11PpNJmnzgUJsHlkOHYkhz,0.863
0.0408,https://api.spotify.com/v1/audio-analysis/79zjU6YFpnCTf2WeHuPaBC,0.643,196969,0.819,79zjU6YFpnCTf2WeHuPaBC,1.96e-05,5,0.263,-4.968,0,0.0368,119.976,4,https://api.spotify.com/v1/tracks/79zjU6YFpnCTf2WeHuPaBC,audio_features,spotify:track:79zjU6YFpnCTf2WeHuPaBC,0.504
0.144,https://api.spotify.com/v1/audio-analysis/1QhyCPHfGYCGYTu1T6YYEo,0.803,195898,0.745,1QhyCPHfGYCGYTu1T6YYEo,0.0331,7,0.304,-5.055,0,0.0319,122.02,4,https://api.spotify.com/v1/tracks/1QhyCPHfGYCGYTu1T6YYEo,audio_features,spotify:track:1QhyCPHfGYCGYTu1T6YYEo,0.334
0.00598,https://api.spotify.com/v1/audio-analysis/0l0bCXStLpDNSDkvCh3b0j,0.746,180187,0.768,0l0bCXStLpDNSDkvCh3b0j,0.779,1,0.105,-5.401,0,0.053,125.038,4,https://api.spotify.com/v1/tracks/0l0bCXStLpDNSDkvCh3b0j,audio_features,spotify:track:0l0bCXStLpDNSDkvCh3b0j,0.302
0.013,https://api.spotify.com/v1/audio-analysis/5HCMxtjQaeLrNQOT5qRksq,0.814,163171,0.755,5HCMxtjQaeLrNQOT5qRksq,0.0026,4,0.0889,-8.523,0,0.0751,122.981,4,https://api.spotify.com/v1/tracks/5HCMxtjQaeLrNQOT5qRksq,audio_features,spotify:track:5HCMxtjQaeLrNQOT5qRksq,0.55
0.169,https://api.spotify.com/v1/audio-analysis/2uZIhUb2rqohZb3eUdLkAb,0.661,177112,0.626,2uZIhUb2rqohZb3eUdLkAb,0.000223,4,0.221,-8.705,0,0.123,123.985,4,https://api.spotify.com/v1/tracks/2uZIhUb2rqohZb3eUdLkAb,audio_features,spotify:track:2uZIhUb2rqohZb3eUdLkAb,0.0813
0.105,https://api.spotify.com/v1/audio-analysis/6tB4XVKceo2307SSWXaO0y,0.639,238991,0.685,6tB4XVKceo2307SSWXaO0y,0.0,9,0.143,-4.571,0,0.049,110.041,4,https://api.spotify.com/v1/tracks/6tB4XVKceo2307SSWXaO0y,audio_features,spotify:track:6tB4XVKceo2307SSWXaO0y,0.363
0.000279,https://api.spotify.com/v1/audio-analysis/7cqAFgoiLLrZbVVR2YO0YC,0.641,177383,0.864,7cqAFgoiLLrZbVVR2YO0YC,0.00288,6,0.0616,-4.806,0,0.0364,123.986,4,https://api.spotify.com/v1/tracks/7cqAFgoiLLrZbVVR2YO0YC,audio_features,spotify:track:7cqAFgoiLLrZbVVR2YO0YC,0.196
0.000458,https://api.spotify.com/v1/audio-analysis/6jKbDMEDQgctaEyH3tktNP,0.804,212439,0.657,6jKbDMEDQgctaEyH3tktNP,0.0119,0,0.189,-6.021,1,0.0385,123.013,4,https://api.spotify.com/v1/tracks/6jKbDMEDQgctaEyH3tktNP,audio_features,spotify:track:6jKbDMEDQgctaEyH3tktNP,0.36
0.00363,https://api.spotify.com/v1/audio-analysis/0JshnWfAOhnJiob29TL7XO,0.764,181663,0.673,0JshnWfAOhnJiob29TL7XO,0.0119,7,0.211,-7.844,1,0.0386,121.014,4,https://api.spotify.com/v1/tracks/0JshnWfAOhnJiob29TL7XO,audio_features,spotify:track:0JshnWfAOhnJiob29TL7XO,0.41
0.0218,https://api.spotify.com/v1/audio-analysis/5fzyM6jVif4SRcXpdX6mAJ,0.723,240000,0.905,5fzyM6jVif4SRcXpdX6mAJ,0.349,7,0.381,-3.541,0,0.0457,123.981,4,https://api.spotify.com/v1/tracks/5fzyM6jVif4SRcXpdX6mAJ,audio_features,spotify:track:5fzyM6jVif4SRcXpdX6mAJ,0.399
0.0116,https://api.spotify.com/v1/audio-analysis/6IFOtpwEHQfzyxYNY19y9v,0.876,273719,0.822,6IFOtpwEHQfzyxYNY19y9v,0.0131,8,0.406,-5.313,0,0.0785,121.004,4,https://api.spotify.com/v1/tracks/6IFOtpwEHQfzyxYNY19y9v,audio_features,spotify:track:6IFOtpwEHQfzyxYNY19y9v,0.889
0.0103,https://api.spotify.com/v1/audio-analysis/4HgFjSzcLbVb5XgzfhvlVx,0.738,171429,0.864,4HgFjSzcLbVb5XgzfhvlVx,0.000104,0,0.0847,-3.228,1,0.0864,125.946,4,https://api.spotify.com/v1/tracks/4HgFjSzcLbVb5XgzfhvlVx,audio_features,spotify:track:4HgFjSzcLbVb5XgzfhvlVx,0.397
0.0958,https://api.spotify.com/v1/audio-analysis/7cg4lTBzjMB704IDg5nZcS,0.711,173589,0.671,7cg4lTBzjMB704IDg5nZcS,0.632,4,0.124,-3.808,0,0.0376,124.037,4,https://api.spotify.com/v1/tracks/7cg4lTBzjMB704IDg5nZcS,audio_features,spotify:track:7cg4lTBzjMB704IDg5nZcS,0.13
0.0518,https://api.spotify.com/v1/audio-analysis/37TAmcRL0C6BmdSfTG7pnX,0.75,214931,0.754,37TAmcRL0C6BmdSfTG7pnX,0.0899,6,0.124,-4.751,1,0.0427,122.002,4,https://api.spotify.com/v1/tracks/37TAmcRL0C6BmdSfTG7pnX,audio_features,spotify:track:37TAmcRL0C6BmdSfTG7pnX,0.559
0.0505,https://api.spotify.com/v1/audio-analysis/6jXW2nHRS53cJmlED5PsGC,0.751,200158,0.672,6jXW2nHRS53cJmlED5PsGC,0.00371,4,0.137,-5.624,0,0.0329,123.003,4,https://api.spotify.com/v1/tracks/6jXW2nHRS53cJmlED5PsGC,audio_features,spotify:track:6jXW2nHRS53cJmlED5PsGC,0.739
0.0074,https://api.spotify.com/v1/audio-analysis/1xn0gyE2x0FPzSjIlGNc3h,0.762,237529,0.826,1xn0gyE2x0FPzSjIlGNc3h,0.688,5,0.375,-5.832,0,0.0645,125.989,4,https://api.spotify.com/v1/tracks/1xn0gyE2x0FPzSjIlGNc3h,audio_features,spotify:track:1xn0gyE2x0FPzSjIlGNc3h,0.451
0.0102,https://api.spotify.com/v1/audio-analysis/5QIKZWOHDPbGh5EpSqCXMG,0.776,174745,0.634,5QIKZWOHDPbGh5EpSqCXMG,0.168,7,0.119,-10.345,1,0.106,125.043,4,https://api.spotify.com/v1/tracks/5QIKZWOHDPbGh5EpSqCXMG,audio_features,spotify:track:5QIKZWOHDPbGh5EpSqCXMG,0.475
0.289,https://api.spotify.com/v1/audio-analysis/79iXIJKvBF0kI8aKZq78PB,0.805,236447,0.615,79iXIJKvBF0kI8aKZq78PB,0.524,5,0.11,-8.109,0,0.123,123.95,4,https://api.spotify.com/v1/tracks/79iXIJKvBF0kI8aKZq78PB,audio_features,spotify:track:79iXIJKvBF0kI8aKZq78PB,0.429
0.0236,https://api.spotify.com/v1/audio-analysis/5Rckv0KlMnXFc1m6HFIipn,0.727,209300,0.906,5Rckv0KlMnXFc1m6HFIipn,0.00142,2,0.172,-3.52,1,0.0482,125.081,4,https://api.spotify.com/v1/tracks/5Rckv0KlMnXFc1m6HFIipn,audio_features,spotify:track:5Rckv0KlMnXFc1m6HFIipn,0.107
0.0283,https://api.spotify.com/v1/audio-analysis/2YyVBV0klw0T6EvSVkCpuW,0.747,178347,0.751,2YyVBV0klw0T6EvSVkCpuW,3.71e-05,6,0.498,-5.053,1,0.0342,113.001,4,https://api.spotify.com/v1/tracks/2YyVBV0klw0T6EvSVkCpuW,audio_features,spotify:track:2YyVBV0klw0T6EvSVkCpuW,0.772
0.0071,https://api.spotify.com/v1/audio-analysis/0sewAzEf4LPv74l9Zpjvr9,0.809,198875,0.705,0sewAzEf4LPv74l9Zpjvr9,0.0294,1,0.15,-4.433,0,0.0405,122.972,4,https://api.spotify.com/v1/tracks/0sewAzEf4LPv74l9Zpjvr9,audio_features,spotify:track:0sewAzEf4LPv74l9Zpjvr9,0.398
0.0337,https://api.spotify.com/v1/audio-analysis/5FH8FTgGYT8sjXHMQtviC3,0.825,201412,0.635,5FH8FTgGYT8sjXHMQtviC3,0.0237,0,0.129,-6.629,1,0.039,120.995,4,https://api.spotify.com/v1/tracks/5FH8FTgGYT8sjXHMQtviC3,audio_features,spotify:track:5FH8FTgGYT8sjXHMQtviC3,0.503
0.00534,https://api.spotify.com/v1/audio-analysis/52wv7qTBhjY1dLhtK5TUB5,0.682,199360,0.694,52wv7qTBhjY1dLhtK5TUB5,0.0222,7,0.358,-6.018,0,0.0765,123.962,4,https://api.spotify.com/v1/tracks/52wv7qTBhjY1dLhtK5TUB5,audio_features,spotify:track:52wv7qTBhjY1dLhtK5TUB5,0.253
0.155,https://api.spotify.com/v1/audio-analysis/2Qkb9WNpWE9uJuP1srUmpm,0.851,217639,0.704,2Qkb9WNpWE9uJuP1srUmpm,8.68e-05,7,0.088,-4.489,0,0.0488,125.995,4,https://api.spotify.com/v1/tracks/2Qkb9WNpWE9uJuP1srUmpm,audio_features,spotify:track:2Qkb9WNpWE9uJuP1srUmpm,0.403
0.0248,https://api.spotify.com/v1/audio-analysis/4eTdAPz2rxPu3Rx4or0i9e,0.777,236129,0.608,4eTdAPz2rxPu3Rx4or0i9e,0.000697,0,0.23,-10.95,1,0.213,123.994,4,https://api.spotify.com/v1/tracks/4eTdAPz2rxPu3Rx4or0i9e,audio_features,spotify:track:4eTdAPz2rxPu3Rx4or0i9e,0.387
0.214,https://api.spotify.com/v1/audio-analysis/2hvRHQKgsj1NlxX1GyJBXN,0.893,204716,0.715,2hvRHQKgsj1NlxX1GyJBXN,0.0116,6,0.0717,-6.284,0,0.125,125.047,4,https://api.spotify.com/v1/tracks/2hvRHQKgsj1NlxX1GyJBXN,audio_features,spotify:track:2hvRHQKgsj1NlxX1GyJBXN,0.0465
0.147,https://api.spotify.com/v1/audio-analysis/0qNZFUSRdjlELqeyxegq6A,0.952,194429,0.62,0qNZFUSRdjlELqeyxegq6A,0.000129,10,0.0924,-10.524,0,0.229,120.998,4,https://api.spotify.com/v1/tracks/0qNZFUSRdjlELqeyxegq6A,audio_features,spotify:track:0qNZFUSRdjlELqeyxegq6A,0.501
0.0663,https://api.spotify.com/v1/audio-analysis/7anJjQNSjKhPfkvRGBKiHJ,0.757,308547,0.684,7anJjQNSjKhPfkvRGBKiHJ,0.00795,0,0.0837,-5.174,1,0.0411,126.016,4,https://api.spotify.com/v1/tracks/7anJjQNSjKhPfkvRGBKiHJ,audio_features,spotify:track:7anJjQNSjKhPfkvRGBKiHJ,0.156
0.00177,https://api.spotify.com/v1/audio-analysis/4Ptzp31UszO8vPqoSKtr8U,0.841,271298,0.608,4Ptzp31UszO8vPqoSKtr8U,0.0525,10,0.0382,-5.326,0,0.0402,123.029,4,https://api.spotify.com/v1/tracks/4Ptzp31UszO8vPqoSKtr8U,audio_features,spotify:track:4Ptzp31UszO8vPqoSKtr8U,0.41
0.248,https://api.spotify.com/v1/audio-analysis/74miq4ubMDpEZWtdEh8u9R,0.817,264979,0.576,74miq4ubMDpEZWtdEh8u9R,0.000274,4,0.0919,-7.475,0,0.111,117.991,4,https://api.spotify.com/v1/tracks/74miq4ubMDpEZWtdEh8u9R,audio_features,spotify:track:74miq4ubMDpEZWtdEh8u9R,0.432
0.0232,https://api.spotify.com/v1/audio-analysis/5e3sZ8Mi0lzUy7qgFWIqHq,0.704,185260,0.726,5e3sZ8Mi0lzUy7qgFWIqHq,0.000549,2,0.325,-6.741,1,0.0549,122.001,4,https://api.spotify.com/v1/tracks/5e3sZ8Mi0lzUy7qgFWIqHq,audio_features,spotify:track:5e3sZ8Mi0lzUy7qgFWIqHq,0.446
0.406,https://api.spotify.com/v1/audio-analysis/7vNBXuFDkYrN2qsUk8hiEJ,0.505,216967,0.913,7vNBXuFDkYrN2qsUk8hiEJ,0.00405,8,0.121,-3.182,1,0.0831,115.848,4,https://api.spotify.com/v1/tracks/7vNBXuFDkYrN2qsUk8hiEJ,audio_features,spotify:track:7vNBXuFDkYrN2qsUk8hiEJ,0.682
0.0903,https://api.spotify.com/v1/audio-analysis/7mlOgjP1dCg36dnF9yXlhO,0.767,165981,0.809,7mlOgjP1dCg36dnF9yXlhO,5.14e-06,9,0.111,-4.379,1,0.0436,107.001,4,https://api.spotify.com/v1/tracks/7mlOgjP1dCg36dnF9yXlhO,audio_features,spotify:track:7mlOgjP1dCg36dnF9yXlhO,0.742
0.175,https://api.spotify.com/v1/audio-analysis/32DZaPI86o57TZUZbh6587,0.895,148135,0.623,32DZaPI86o57TZUZbh6587,0.000372,9,0.0913,-8.275,0,0.242,127.968,4,https://api.spotify.com/v1/tracks/32DZaPI86o57TZUZbh6587,audio_features,spotify:track:32DZaPI86o57TZUZbh6587,0.193
0.0276,https://api.spotify.com/v1/audio-analysis/6ml4HmG8o9zcqUiR3HW0Jb,0.689,182592,0.735,6ml4HmG8o9zcqUiR3HW0Jb,3.35e-05,6,0.149,-7.838,1,0.0411,122.003,4,https://api.spotify.com/v1/tracks/6ml4HmG8o9zcqUiR3HW0Jb,audio_features,spotify:track:6ml4HmG8o9zcqUiR3HW0Jb,0.541
0.00785,https://api.spotify.com/v1/audio-analysis/7Ipab56QLTyTR54rzQCJLr,0.766,200488,0.878,7Ipab56QLTyTR54rzQCJLr,1.81e-05,3,0.166,-3.653,0,0.0572,123.054,4,https://api.spotify.com/v1/tracks/7Ipab56QLTyTR54rzQCJLr,audio_features,spotify:track:7Ipab56QLTyTR54rzQCJLr,0.66
0.135,https://api.spotify.com/v1/audio-analysis/22g4zqxXzZW1laM31gT2Yz,0.849,204590,0.498,22g4zqxXzZW1laM31gT2Yz,0.0292,0,0.0638,-6.691,1,0.0393,122.013,4,https://api.spotify.com/v1/tracks/22g4zqxXzZW1laM31gT2Yz,audio_features,spotify:track:22g4zqxXzZW1laM31gT2Yz,0.624
0.0893,https://api.spotify.com/v1/audio-analysis/611dhtlcaJCE71pKHyNdqV,0.808,168688,0.648,611dhtlcaJCE71pKHyNdqV,0.000268,8,0.135,-9.495,1,0.186,122.041,4,https://api.spotify.com/v1/tracks/611dhtlcaJCE71pKHyNdqV,audio_features,spotify:track:611dhtlcaJCE71pKHyNdqV,0.521
0.0861,https://api.spotify.com/v1/audio-analysis/3AmsvyXCTarGYmjfMP2RbK,0.785,247742,0.645,3AmsvyXCTarGYmjfMP2RbK,1.31e-06,3,0.111,-5.758,1,0.128,124.047,4,https://api.spotify.com/v1/tracks/3AmsvyXCTarGYmjfMP2RbK,audio_features,spotify:track:3AmsvyXCTarGYmjfMP2RbK,0.326
0.0132,https://api.spotify.com/v1/audio-analysis/1GgLWuPrzh6mOnAjj3T9CC,0.733,185455,0.699,1GgLWuPrzh6mOnAjj3T9CC,1.99e-05,6,0.107,-5.476,0,0.0374,109.994,4,https://api.spotify.com/v1/tracks/1GgLWuPrzh6mOnAjj3T9CC,audio_features,spotify:track:1GgLWuPrzh6mOnAjj3T9CC,0.532
0.0763,https://api.spotify.com/v1/audio-analysis/6aOoI1wfVF6xoj0mmyW4eE,0.638,210968,0.816,6aOoI1wfVF6xoj0mmyW4eE,0.0,9,0.0878,-4.706,0,0.148,124.144,4,https://api.spotify.com/v1/tracks/6aOoI1wfVF6xoj0mmyW4eE,audio_features,spotify:track:6aOoI1wfVF6xoj0mmyW4eE,0.121
0.0417,https://api.spotify.com/v1/audio-analysis/40tF4AA5hOwgQFmnN4KoSV,0.702,153024,0.866,40tF4AA5hOwgQFmnN4KoSV,0.228,2,0.708,-4.765,1,0.083,123.93,4,https://api.spotify.com/v1/tracks/40tF4AA5hOwgQFmnN4KoSV,audio_features,spotify:track:40tF4AA5hOwgQFmnN4KoSV,0.583
0.0199,https://api.spotify.com/v1/audio-analysis/18w23eQ7AC9vbguzngFzIq,0.85,212315,0.739,18w23eQ7AC9vbguzngFzIq,0.00214,1,0.212,-4.545,0,0.0662,122.001,4,https://api.spotify.com/v1/tracks/18w23eQ7AC9vbguzngFzIq,audio_features,spotify:track:18w23eQ7AC9vbguzngFzIq,0.748
0.309,https://api.spotify.com/v1/audio-analysis/7IMGshuSNOXHgmboboPpIH,0.701,173040,0.816,7IMGshuSNOXHgmboboPpIH,7.79e-05,8,0.153,-5.95,1,0.0608,125.068,4,https://api.spotify.com/v1/tracks/7IMGshuSNOXHgmboboPpIH,audio_features,spotify:track:7IMGshuSNOXHgmboboPpIH,0.316
0.0649,https://api.spotify.com/v1/audio-analysis/7E4JjEBNJSBbSr8FLLfoKk,0.638,168923,0.892,7E4JjEBNJSBbSr8FLLfoKk,3.23e-05,8,0.128,-2.57,1,0.0918,119.847,4,https://api.spotify.com/v1/tracks/7E4JjEBNJSBbSr8FLLfoKk,audio_features,spotify:track:7E4JjEBNJSBbSr8FLLfoKk,0.548
0.00459,https://api.spotify.com/v1/audio-analysis/5uy1SEASb2BgGeOIoLfhPK,0.791,180974,0.659,5uy1SEASb2BgGeOIoLfhPK,0.00013,11,0.0626,-7.485,0,0.0332,111.998,4,https://api.spotify.com/v1/tracks/5uy1SEASb2BgGeOIoLfhPK,audio_features,spotify:track:5uy1SEASb2BgGeOIoLfhPK,0.332
0.0279,https://api.spotify.com/v1/audio-analysis/59ejwWfnW1VToaG30KReZL,0.759,211193,0.715,59ejwWfnW1VToaG30KReZL,0.00043,11,0.0733,-7.529,0,0.0337,120.028,4,https://api.spotify.com/v1/tracks/59ejwWfnW1VToaG30KReZL,audio_features,spotify:track:59ejwWfnW1VToaG30KReZL,0.444
0.291,https://api.spotify.com/v1/audio-analysis/0SVvv5Xq5U0kVcNWsUul2Y,0.725,174798,0.866,0SVvv5Xq5U0kVcNWsUul2Y,0.321,8,0.0998,-6.808,1,0.0446,123.999,4,https://api.spotify.com/v1/tracks/0SVvv5Xq5U0kVcNWsUul2Y,audio_features,spotify:track:0SVvv5Xq5U0kVcNWsUul2Y,0.114
0.291,https://api.spotify.com/v1/audio-analysis/52dsoKTcQwmOEwSRvoD2Ae,0.757,244265,0.646,52dsoKTcQwmOEwSRvoD2Ae,0.836,6,0.109,-7.428,0,0.0712,118.016,4,https://api.spotify.com/v1/tracks/52dsoKTcQwmOEwSRvoD2Ae,audio_features,spotify:track:52dsoKTcQwmOEwSRvoD2Ae,0.175
0.253,https://api.spotify.com/v1/audio-analysis/5Jrqed6NMJGX0myYXR7s9X,0.725,180242,0.915,5Jrqed6NMJGX0myYXR7s9X,0.0185,8,0.246,-4.73,0,0.0426,124.016,4,https://api.spotify.com/v1/tracks/5Jrqed6NMJGX0myYXR7s9X,audio_features,spotify:track:5Jrqed6NMJGX0myYXR7s9X,0.812
0.0172,https://api.spotify.com/v1/audio-analysis/70nr0Rr3BFoxZo8ZOAgHdE,0.755,255476,0.745,70nr0Rr3BFoxZo8ZOAgHdE,0.559,9,0.151,-4.761,1,0.0313,126.025,4,https://api.spotify.com/v1/tracks/70nr0Rr3BFoxZo8ZOAgHdE,audio_features,spotify:track:70nr0Rr3BFoxZo8ZOAgHdE,0.427
0.589,https://api.spotify.com/v1/audio-analysis/1f4p1hDsYdSrgmNeIlwpad,0.676,224434,0.644,1f4p1hDsYdSrgmNeIlwpad,1.34e-06,10,0.0995,-6.647,0,0.112,106.073,4,https://api.spotify.com/v1/tracks/1f4p1hDsYdSrgmNeIlwpad,audio_features,spotify:track:1f4p1hDsYdSrgmNeIlwpad,0.459
0.0429,https://api.spotify.com/v1/audio-analysis/7kGIyYQc44EQcJR3HH314y,0.73,209244,0.877,7kGIyYQc44EQcJR3HH314y,0.000694,6,0.286,-4.35,0,0.0845,119.024,4,https://api.spotify.com/v1/tracks/7kGIyYQc44EQcJR3HH314y,audio_features,spotify:track:7kGIyYQc44EQcJR3HH314y,0.708
0.11,https://api.spotify.com/v1/audio-analysis/19Y4vTCoDl0Nu4fnO6jMZE,0.808,169253,0.821,19Y4vTCoDl0Nu4fnO6jMZE,0.0114,2,0.113,-3.712,0,0.0548,120.008,4,https://api.spotify.com/v1/tracks/19Y4vTCoDl0Nu4fnO6jMZE,audio_features,spotify:track:19Y4vTCoDl0Nu4fnO6jMZE,0.403
0.0138,https://api.spotify.com/v1/audio-analysis/6D5pfooPP6hi99RaXjkDsP,0.567,214912,0.813,6D5pfooPP6hi99RaXjkDsP,9.03e-06,1,0.125,-5.744,0,0.0581,126.044,4,https://api.spotify.com/v1/tracks/6D5pfooPP6hi99RaXjkDsP,audio_features,spotify:track:6D5pfooPP6hi99RaXjkDsP,0.114
